product_id,brand,family,series,model,full_name,manufacturer_code,sku,mpn,ean,gtin,aliases,cpu_brand,cpu_model,cpu_generation,ram_gb,ram_type,storage_gb,storage_type,gpu,screen_size_inches,screen_resolution,screen_type,screen_ips,wifi_standard,wifi_5ghz_or_better,keyboard_type,keyboard_backlit,keyboard_backlight_color,keyboard_numeric,keyboard_abnt2,operating_system,price_brl,condition,source,source_product_id,url,title_raw,model_raw,cpu_raw,screen_raw,wifi_raw,keyboard_raw,sources,collection_status,created_at,updated_at
LEN-LOQ-83EU0001BR,Lenovo,LOQ,LOQ 15,15IRH8,Lenovo LOQ 15IRH8 83EU0001BR,83EU0001BR,83EU0001BR,83EU0001BR,unknown,unknown,Lenovo LOQ 15IRH8; Lenovo 83EU; LOQ i5-12450H RTX 2050,Intel,Core i5-12450H,12ª Geração,16,DDR5 4800MHz,512,SSD NVMe M.2,NVIDIA GeForce RTX 2050 4GB GDDR6,15.6,1920x1080,IPS (300 nits),TRUE,Wi-Fi 6 (802.11ax),TRUE,Membrana,TRUE,Branco,TRUE,TRUE,Windows 11 Home,4499.00,novo,Qual Notebook Comprar,83EU0001BR,https://quenotebookcomprar.com.br/lenovo-loq-83EU0001br/,Lenovo LOQ 83EU0001BR Core i5 | RTX 2050 | SSD 512 GB,LOQ 15IRH8 83EU0001BR,Intel Core i5-12450H,"15,6″ Full HD (1920 x 1080) IPS 300 nits",Wi-Fi 6 802.11ax,Layout ABNT2 retroiluminado branco com teclado numérico,https://quenotebookcomprar.com.br/lenovo-loq-83EU0001br/,completed,2026-08-26T18:02:16-03:00,2026-08-26T18:02:16-03:00
LEN-IP3-82MD0007BR,Lenovo,IdeaPad,IdeaPad 3i,15ITL6,Lenovo IdeaPad 3i 15ITL6 82MD0007BR,82MD0007BR,82MD0007BR,82MD0007BR,unknown,unknown,Lenovo IdeaPad 3i 15ITL6; Lenovo 82MD; IdeaPad 3i i5-1135G7,Intel,Core i5-1135G7,11ª Geração,8,DDR4 3200MHz,256,SSD NVMe M.2,Intel Iris Xe Graphics G7 (80 EUs),15.6,1920x1080,TN antirreflexo (220 nits),FALSE,Wi-Fi 5 (802.11ac 2x2),TRUE,Membrana,FALSE,,TRUE,TRUE,Windows 11 Home,2699.00,novo,Qual Notebook Comprar / Lenovo Outlet,82MD0007BR,https://quenotebookcomprar.com.br/lenovo-ideapad-3i-82md0007br/,Lenovo IdeaPad 3i 82MD0007BR vem c/ Intel Core i5 de 11ª,IdeaPad 3i 15ITL6 82MD0007BR,Intel Core i5-1135G7,"15.6"" Full HD (1920 x 1080) TN antirreflexo 220 nits",Wi-Fi 2x2 AC (802.11ac),Layout ABNT2 com numérico não retroiluminado,https://quenotebookcomprar.com.br/lenovo-ideapad-3i-82md0007br/,completed,2026-08-26T18:02:16-03:00,2026-08-26T18:02:16-03:00
LEN-IP1-82X50004BR,Lenovo,IdeaPad,IdeaPad 1,15AMN7,Lenovo IdeaPad 1 15AMN7 82X50004BR,82X50004BR,82X50004BR,82X50004BR,196803138689,196803138689,Lenovo IdeaPad 1 15AMN7; Lenovo 82X5; IdeaPad 1 Ryzen 5 7520U,AMD,Ryzen 5 7520U,Série 7000,8,LPDDR5 5500MHz,256,SSD NVMe Gen4 x4 M.2,AMD Radeon 610M,15.6,1366x768,TN (220 nits),FALSE,Wi-Fi 5 (802.11ac),TRUE,Membrana,FALSE,,TRUE,TRUE,Windows 11 Home,2499.00,novo,Qual Notebook Comprar,82X50004BR,https://quenotebookcomprar.com.br/lenovo-ideapad-1-82x50004br/,Lenovo IdeaPad 1 82X50004BR Ryzen 5 | SSD | Suporte Premium,IdeaPad 1 15AMN7 82X50004BR,AMD Ryzen 5 7520U,"15,6"" HD (1366 x 768) Painel TN 220 nits",Wi-Fi 802.11ac,Layout ABNT2 com numérico não retroiluminado,https://quenotebookcomprar.com.br/lenovo-ideapad-1-82x50004br/,completed,2026-08-26T18:02:16-03:00,2026-08-26T18:02:16-03:00
SAM-GB4-NP750XGJ-KG1BR,Samsung,Galaxy Book,Galaxy Book4,NP750XGJ,Samsung Galaxy Book4 NP750XGJ-KG1BR,NP750XGJ-KG1BR,NP750XGJ-KG1BR,NP750XGJ-KG1BR,unknown,unknown,Samsung Galaxy Book4 NP750; Galaxy Book4 i7-1355U; NP750XGJ-KG1,Intel,Core i7-1355U,13ª Geração,16,LPDDR4X,512,SSD NVMe M.2,Intel Iris Xe Graphics G7 (96 EUs),15.6,1920x1080,IPS LED antirreflexo,TRUE,Wi-Fi 6 (802.11ax 2x2),TRUE,Pro com teclado numérico,TRUE,Branco,TRUE,TRUE,Windows 11 Home,4899.00,novo,Qual Notebook Comprar / KaBuM!,NP750XGJ-KG1BR,https://quenotebookcomprar.com.br/samsung-galaxy-book4-np750xgj-kg1br/,Samsung Galaxy Book4 NP750XGJ-KG1BR Core i7 | SSD 512 GB,Galaxy Book4 NP750XGJ-KG1BR,Intel Core i7-1355U,"15,6″ Full HD (1920 x 1080 px) IPS LED",Wi-Fi 6 (802.11ax 2x2),Layout ABNT2 com numérico retroiluminado branco,https://quenotebookcomprar.com.br/samsung-galaxy-book4-np750xgj-kg1br/,completed,2026-08-26T18:02:16-03:00,2026-08-26T18:02:16-03:00
SAM-GB4-NP750XGJ-KG2BR,Samsung,Galaxy Book,Galaxy Book4,NP750XGJ,Samsung Galaxy Book4 NP750XGJ-KG2BR,NP750XGJ-KG2BR,NP750XGJ-KG2BR,NP750XGJ-KG2BR,unknown,unknown,Samsung Galaxy Book4 NP750; Galaxy Book4 i5-1335U 16GB; NP750XGJ-KG2,Intel,Core i5-1335U,13ª Geração,16,LPDDR4X,512,SSD NVMe M.2,Intel Iris Xe Graphics G7 (80 EUs),15.6,1920x1080,IPS LED antirreflexo,TRUE,Wi-Fi 6 (802.11ax 2x2),TRUE,Pro com teclado numérico,FALSE,,TRUE,TRUE,Windows 11 Home,3999.00,novo,Qual Notebook Comprar / Samsung Brasil,NP750XGJ-KG2BR,https://quenotebookcomprar.com.br/samsung-galaxy-book4-np750xgj-kg2br/,Samsung Galaxy Book4 NP750XGJ-KG2BR Core i5 | SSD 512 GB,Galaxy Book4 NP750XGJ-KG2BR,Intel Core i5-1335U,"15,6″ Full HD (1920 x 1080 px) IPS LED",Wi-Fi 6 (802.11ax 2x2),Layout ABNT2 com numérico não retroiluminado,https://quenotebookcomprar.com.br/samsung-galaxy-book4-np750xgj-kg2br/,completed,2026-08-26T18:02:16-03:00,2026-08-26T18:02:16-03:00
SAM-GB4-NP750XGJ-KG3BR,Samsung,Galaxy Book,Galaxy Book4,NP750XGJ,Samsung Galaxy Book4 NP750XGJ-KG3BR,NP750XGJ-KG3BR,NP750XGJ-KG3BR,NP750XGJ-KG3BR,unknown,unknown,Samsung Galaxy Book4 NP750; Galaxy Book4 i5-1335U 8GB; NP750XGJ-KG3,Intel,Core i5-1335U,13ª Geração,8,LPDDR4X,512,SSD NVMe M.2,Intel Iris Xe Graphics G7 (80 EUs),15.6,1920x1080,IPS LED antirreflexo,TRUE,Wi-Fi 6 (802.11ax 2x2),TRUE,Pro com teclado numérico,FALSE,,TRUE,TRUE,Windows 11 Home,3499.00,novo,Qual Notebook Comprar / Fast Shop,NP750XGJ-KG3BR,https://quenotebookcomprar.com.br/samsung-galaxy-book4-np750xgj-kg3br/,Samsung Galaxy Book4 NP750XGJ-KG3BR Core i5 | SSD 512 GB,Galaxy Book4 NP750XGJ-KG3BR,Intel Core i5-1335U,"15,6″ Full HD (1920 x 1080 px) IPS LED","Wi-Fi 6 (Gig+), 802.11ax 2x2",Layout ABNT2 com numérico não retroiluminado,https://quenotebookcomprar.com.br/samsung-galaxy-book4-np750xgj-kg3br/,completed,2026-08-26T18:02:16-03:00,2026-08-26T18:02:16-03:00
SAM-GB4-NP750XGJ-KG5BR,Samsung,Galaxy Book,Galaxy Book4,NP750XGJ,Samsung Galaxy Book4 NP750XGJ-KG5BR,NP750XGJ-KG5BR,NP750XGJ-KG5BR,NP750XGJ-KG5BR,unknown,unknown,Samsung Galaxy Book4 NP750; Galaxy Book4 i3-1315U; NP750XGJ-KG5,Intel,Core i3-1315U,13ª Geração,8,LPDDR4X,256,SSD NVMe M.2,Intel UHD Graphics (64 EUs),15.6,1920x1080,IPS LED antirreflexo,TRUE,Wi-Fi 6 (802.11ax 2x2),TRUE,Pro com teclado numérico,FALSE,,TRUE,TRUE,Windows 11 Home,2799.00,novo,Qual Notebook Comprar / Ibyte Atacado,NP750XGJ-KG5BR,https://quenotebookcomprar.com.br/samsung-galaxy-book4-np750xgj-kg5br/,Samsung Galaxy Book4 NP750XGJ-KG5BR Core i3 | SSD 256 GB,Galaxy Book4 NP750XGJ-KG5BR,Intel Core i3-1315U,"15,6″ Full HD (1920 x 1080 px) IPS LED",Wi-Fi 6 (802.11ax 2x2),Layout ABNT2 com numérico não retroiluminado,https://quenotebookcomprar.com.br/samsung-galaxy-book4-np750xgj-kg5br/,completed,2026-08-26T18:02:16-03:00,2026-08-26T18:02:16-03:00
DEL-INS-I15-I120K-A20P,Dell,Inspiron,Inspiron 15,3520,Dell Inspiron 15 3520 i15-i120k-a20p,i15-i120k-a20p,i15-i120k-a20p,i15-i120k-a20p,unknown,unknown,Dell Inspiron 3520; Inspiron 15 3520; Inspiron i5-1235U,Intel,Core i5-1235U,12ª Geração,8,DDR4 2666MHz,256,SSD NVMe M.2,Intel Iris Xe Graphics,15.6,1920x1080,WVA 120Hz antirreflexo,TRUE,Wi-Fi 6 (802.11ax),TRUE,Membrana,FALSE,,TRUE,TRUE,Windows 11 Home,2999.00,novo,Mercado Livre / Dell Brasil,i15-i120k-a20p,https://lista.mercadolivre.com.br/dell-inspiron-3520,Notebook Dell Inspiron 15 3520 I5 8GB 256GB SSD W11,Inspiron 15 3520 i15-i120k-a20p,Intel Core i5-1235U,"15,6 polegadas Full HD (1920 x 1080) WVA 120Hz",Wi-Fi 802.11ac / 802.11ax dual-band,Layout ABNT2 com teclado numérico,https://lista.mercadolivre.com.br/dell-inspiron-3520,completed,2026-08-26T18:02:16-03:00,2026-08-26T18:02:16-03:00
DEL-G15-I1300-A45P,Dell,G Series,G15,5530,Dell G15 5530 G15-i1300-A45P,G15-i1300-A45P,210-BKYG,G15-i1300-A45P,unknown,unknown,Dell G15 5530; Dell G15 i5-13450HX RTX 4050; 210-BKYG,Intel,Core i5-13450HX,13ª Geração,16,DDR5 4800MHz,512,SSD PCIe NVMe M.2,NVIDIA GeForce RTX 4050 6GB GDDR6,15.6,1920x1080,"WVA 165Hz (300 nits, 100% sRGB)",TRUE,Intel Wi-Fi 6 AX201 (802.11ax 2x2),TRUE,Chiclet Gamer com numérico,TRUE,RGB 4 zonas,TRUE,TRUE,Windows 11 Home,5899.00,novo,KaBuM! / Dell Brasil,520283,https://www.kabum.com.br/produto/520283/notebook-gamer-dell-g15-intel-core-i5-13450hx-16gb-ram-geforce-rtx-4050-6gb-ssd-512gb-15-6-fhd-165hz-win11-home-preto-g15-i1300-a45p,"Notebook Gamer Dell G15 Intel Core i5-13450HX, 16GB RAM, GeForce RTX 4050 6GB, SSD 512GB, 15.6"" FHD, 165Hz, Win11 Home, Preto - G15-i1300-A45P",Dell G15 5530 G15-i1300-A45P,"Intel Core i5-13450HX (10 núcleos, até 4.6GHz)","Full HD de 15.6"" (1920 x 1080), 165Hz, 300 nits, sRGB-100% WVA","Intel Wi-Fi 6 AX201, 2x2, 802.11ax","Teclado retroiluminado RGB 4-zones, numérico e em português ABNT2",https://www.kabum.com.br/produto/520283/notebook-gamer-dell-g15-intel-core-i5-13450hx-16gb-ram-geforce-rtx-4050-6gb-ssd-512gb-15-6-fhd-165hz-win11-home-preto-g15-i1300-a45p,completed,2026-08-26T18:02:16-03:00,2026-08-26T18:02:16-03:00
ACE-NV15-ANV15-51-57WS,Acer,Nitro,Nitro V 15,ANV15-51,Acer Nitro V 15 ANV15-51-57WS,NH.QQDAL.004,ANV15-51-57WS,ANV15-51-57WS,unknown,unknown,Acer Nitro V 15; Nitro V15 i5 RTX 3050 Linux; ANV15-51,Intel,Core i5-13420H,13ª Geração,8,DDR5 5200MHz,512,SSD M.2 PCIe 4.0 NVMe x4,NVIDIA GeForce RTX 3050 6GB GDDR6,15.6,1920x1080,LED IPS 144Hz (250 nits),TRUE,Wi-Fi 6 (802.11 a/b/g/n/ac R2 + ax),TRUE,FineTip com numérico,TRUE,Vermelho,TRUE,TRUE,Linux Gutta,4599.00,novo,Qual Notebook Comprar / Saldão da Informática,ANV15-51-57WS,https://quenotebookcomprar.com.br/acer-aspire-nitro-v15-anv15-51-57ws/,Acer Aspire Nitro V15 ANV15-51-57WS i5 | RTX 3050 | IPS 144 Hz,Nitro V 15 ANV15-51-57WS,Intel Core i5-13420H,"15,6″ Full HD (1920 x 1080 px) IPS 144Hz 250 nits",Wi-Fi 6 802.11 a/b/g/n/ac R2 + ax (2.4 GHz e 5 GHz),FineTip ABNT2 com numérico retroiluminado na cor vermelha,https://quenotebookcomprar.com.br/acer-aspire-nitro-v15-anv15-51-57ws/,completed,2026-08-26T18:02:16-03:00,2026-08-26T18:02:16-03:00
ACE-NV15-ANV15-51-58AZ,Acer,Nitro,Nitro V 15,ANV15-51,Acer Nitro V 15 ANV15-51-58AZ,NH.QQEAL.001,ANV15-51-58AZ,ANV15-51-58AZ,4711121812101,4711121812101,Acer Nitro V 15; Nitro V15 i5 RTX 3050 Win11; ANV15-51,Intel,Core i5-13420H,13ª Geração,8,DDR5 5200MHz,512,SSD M.2 PCIe 4.0 NVMe x4,NVIDIA GeForce RTX 3050 6GB GDDR6,15.6,1920x1080,LED IPS 144Hz (250 nits),TRUE,Wi-Fi 6 (802.11 a/b/g/n/ac R2 + ax),TRUE,Membrana com numérico,TRUE,Branco,TRUE,TRUE,Windows 11 Home,4999.00,novo,KaBuM! / Fujioka Distribuidor,626505,https://www.kabum.com.br/produto/626505/notebook-gamer-acer-nitro-v15-15-6-fhd-144hz-i5-13420h-ssd-512gb-8gb-ddr5-rtx-3050-6gb-windows-11-home,Notebook Gamer Acer Nitro V15 15.6 FHD 144hz i5-13420h SSD 512GB 8GB DDR5 RTX 3050 6GB Windows 11 Home,Nitro V 15 ANV15-51-58AZ,Intel Core i5-13420H,"15,6″ Full HD (1920 x 1080 px) IPS 144Hz 250 nits",Wi-Fi 6 802.11ax (2.4 GHz e 5 GHz),Português Brasil ABNT2 com numérico retroiluminado na cor branca,https://www.kabum.com.br/produto/626505/notebook-gamer-acer-nitro-v15-15-6-fhd-144hz-i5-13420h-ssd-512gb-8gb-ddr5-rtx-3050-6gb-windows-11-home,completed,2026-08-26T18:02:16-03:00,2026-08-26T18:02:16-03:00
ACE-ASP5-A515-57-55B8,Acer,Aspire,Aspire 5,A515-57,Acer Aspire 5 A515-57-55B8,NX.KN4AL.001,A515-57-55B8,A515-57-55B8,unknown,unknown,Acer Aspire 5 A515-57; Aspire 5 i5-12450H 256GB; A515-57-55B8,Intel,Core i5-12450H,12ª Geração,8,DDR4 3200MHz,256,SSD M.2 PCIe 4.0 NVMe x4,Intel UHD Graphics,15.6,1920x1080,LED IPS Full HD,TRUE,Wi-Fi 6 (802.11ax),TRUE,Membrana com numérico,FALSE,,TRUE,TRUE,Windows 11 Home,2899.00,novo,Qual Notebook Comprar / KaBuM!,519153,https://quenotebookcomprar.com.br/acer-aspire-5-a515-57-55b8/,Acer Aspire 5 A515-57-55B8 Core i5 | RAM 8 GB | SSD 256 GB,Aspire 5 A515-57-55B8,Intel Core i5-12450H,"15,6″ Full HD (1920 x 1080 px) painel IPS",Wi-Fi 6 802.11ax Dual Band,Layout ABNT2 com numérico dedicado,https://quenotebookcomprar.com.br/acer-aspire-5-a515-57-55b8/,completed,2026-08-26T18:02:16-03:00,2026-08-26T18:02:16-03:00
ASU-VB15-X1502ZA-BQ1760W,ASUS,VivoBook,VivoBook 15,X1502ZA,ASUS VivoBook 15 X1502ZA-BQ1760W,90NB0VX2-M02JA0,X1502ZA-BQ1760W,X1502ZA-BQ1760W,7898573299609,7898573299609,ASUS Vivobook 15 X1502ZA; Vivobook i5-12450H 512GB; 90NB0VX2-M02JA0,Intel,Core i5-12450H,12ª Geração,8,DDR4 3200MHz,512,SSD NVMe M.2,Intel UHD Graphics / Iris Xe,15.6,1920x1080,LED IPS antirreflexo,TRUE,Wi-Fi 6 (802.11ax),TRUE,Chiclet com numérico,FALSE,,TRUE,TRUE,Windows 11 Home,3199.00,novo,Magazine Luiza / KaBuM!,237245600,https://www.magazineluiza.com.br/notebook-asus-vivobook-15-intel-core-i5-8gb-ram-512gb-ssd-156-full-hd-windows-11-x1502za-bq1760w/p/237245600/in/nass/,"Notebook ASUS Vivobook 15 Intel Core i5 8GB RAM 512GB SSD 15,6"" Full HD Windows 11 X1502ZA-BQ1760W",VivoBook 15 X1502ZA-BQ1760W,Intel Core i5-12450H 2.0 GHz,"15,60” LED FHD IPS antirreflexo",Wi-Fi 6 802.11ax dual-band,Layout ABNT2 com teclado numérico,https://www.magazineluiza.com.br/notebook-asus-vivobook-15-intel-core-i5-8gb-ram-512gb-ssd-156-full-hd-windows-11-x1502za-bq1760w/p/237245600/in/nass/,completed,2026-08-26T18:02:16-03:00,2026-08-26T18:02:16-03:00
ASU-TUF-FX507ZC4-HN112,ASUS,TUF Gaming,TUF Gaming F15,FX507ZC4,ASUS TUF Gaming F15 FX507ZC4-HN112,FX507ZC4-HN112,FX507ZC4-HN112,FX507ZC4-HN112,7898573299227,7898573299227,ASUS TUF Gaming F15; TUF F15 i7-12700H RTX 3050; FX507ZC4,Intel,Core i7-12700H,12ª Geração,8,DDR4 3200MHz,512,SSD NVMe Gen3 x4 M.2,NVIDIA GeForce RTX 3050 4GB GDDR6,15.6,1920x1080,IPS 144Hz (1000:1 contraste),TRUE,Wi-Fi 6 (802.11ax),TRUE,Gamer com numérico,TRUE,RGB,TRUE,TRUE,Linux,5199.00,novo,Qual Notebook Comprar / Mercado Livre,FX507ZC4-HN112,https://quenotebookcomprar.com.br/asus-tuf-gaming-f15-fx507zc4-hn112/,ASUS TUF Gaming F15 FX507ZC4-HN112 Core i7 | RTX 3050,TUF Gaming F15 FX507ZC4-HN112,Intel Core i7-12700H (14 núcleos / 20 threads),"15,6"" Full HD (1920 x 1080) IPS 144 Hz",Wi-Fi 6 (802.11ax) dual band,Layout ABNT2 com numérico retroiluminado em RGB,https://quenotebookcomprar.com.br/asus-tuf-gaming-f15-fx507zc4-hn112/,completed,2026-08-26T18:02:16-03:00,2026-08-26T18:02:16-03:00
ACE-ASP3-A315-59-51YG,Acer,Aspire,Aspire 3,A315-59,Acer Aspire 3 A315-59-51YG,A315-59-51YG,A315-59-51YG,A315-59-51YG,4711121373510,4711121373510,Acer Aspire 3 A315-59; Aspire 3 i5-1235U; A315-59,Intel,Core i5-1235U,12ª Geração,8,DDR4 3200MHz,256,SSD NVMe Gen4 x4 M.2,Intel Iris Xe Graphics G7 (80 EUs),15.6,1920x1080,"TN (220 nits, 400:1)",FALSE,Wi-Fi 6 (802.11ax),TRUE,Membrana com numérico,FALSE,,TRUE,TRUE,Windows 11 Home,2599.00,novo,Qual Notebook Comprar,A315-59-51YG,https://quenotebookcomprar.com.br/review-acer-aspire-3-a315-59-51yg/,Review do Acer Aspire 3 A315-59 com Intel de 12ª geração,Aspire 3 A315-59-51YG,Intel Core i5-1235U,"15,6"" Full HD (1920 x 1080 px) Painel TN 220 nits",Wi-Fi 6 (802.11ax),Layout ABNT2 com teclado numérico,https://quenotebookcomprar.com.br/review-acer-aspire-3-a315-59-51yg/,completed,2026-08-26T18:02:16-03:00,2026-08-26T18:02:16-03:00
LEN-TP-E14G5-21JK,Lenovo,ThinkPad,ThinkPad E14,E14 Gen 5 (Intel),Lenovo ThinkPad E14 Gen 5 21JK,21JK,21JK0057IX,21JK0057IX,unknown,unknown,Lenovo ThinkPad E14 Gen 5; ThinkPad E14 G5 21JK; ThinkPad i5-1335U,Intel,Core i5-1335U,13ª Geração,16,DDR4 3200MHz,512,SSD PCIe NVMe M.2,Intel Iris Xe Graphics,14.0,1920x1200,IPS 300 nits antirreflexo WUXGA (16:10),TRUE,Wi-Fi 6 (802.11ax),TRUE,ThinkPad Precision,TRUE,Branco,FALSE,TRUE,Windows 11 Pro,5499.00,novo,Lenovo Brasil / PSREF,21JK,https://psref.lenovo.com/product/ThinkPad/ThinkPad_E14_Gen_5_Intel,Lenovo ThinkPad E14 Gen 5 21JK Intel Core i5-1335U 16GB 512GB SSD 14 WUXGA IPS Win 11 Pro,ThinkPad E14 Gen 5 Type 21JK,"Intel Core i5-1335U (10 núcleos, até 4.6GHz)","14"" WUXGA (1920x1200) IPS 300nits Anti-glare, 45% NTSC","Wi-Fi 6, 11ax 2x2 + BT5.1",Teclado ABNT2 retroiluminado resistente a derramamento de líquidos,https://psref.lenovo.com/product/ThinkPad/ThinkPad_E14_Gen_5_Intel,completed,2026-08-26T18:14:42-03:00,2026-08-26T18:14:42-03:00
DEL-INS-I14-5430-M10P,Dell,Inspiron,Inspiron 14,Inspiron 14 5430,Dell Inspiron 14 5430 i14-5430-M10P,i14-5430-M10P,i14-5430-M10P,i14-5430-M10P,unknown,unknown,Dell Inspiron 14 5430; Inspiron 5430 i5-1335U; i14-5430,Intel,Core i5-1335U,13ª Geração,16,LPDDR5 4800MHz,512,SSD PCIe NVMe M.2,Intel Iris Xe Graphics,14.0,1920x1200,FHD+ WVA 250 nits antirreflexo ComfortView (16:10),TRUE,Wi-Fi 6E (802.11ax AX211),TRUE,Chiclet,TRUE,Branco,FALSE,TRUE,Windows 11 Home,4599.00,novo,Dell Brasil / KaBuM!,i14-5430-M10P,https://www.dell.com/en-us/shop/dell-laptops/inspiron-14-laptop/spd/inspiron-14-5430-laptop,"Dell Inspiron 14 5430 14"" FHD+ 16:10 Intel Core i5-1335U 16GB LPDDR5 512GB SSD W11",Inspiron 14 5430,"13th Generation Intel Core i5-1335U (10 cores, up to 4.60 GHz)",14.0-inch 16:10 FHD+ (1920 x 1200) Anti-Glare Non-Touch 250nits WVA Display with ComfortView,"Intel Wi-Fi 6E AX211, 2x2, 802.11ax",Teclado ABNT2 em português retroiluminado com leitor de impressão digital,https://www.dell.com/en-us/shop/dell-laptops/inspiron-14-laptop/spd/inspiron-14-5430-laptop,completed,2026-08-26T18:14:42-03:00,2026-08-26T18:14:42-03:00
VAI-FE15-VJFE59F11X-B0531H,VAIO,FE15,FE15,FE15 VJFE59F11X,VAIO FE15 VJFE59F11X-B0531H,VJFE59F11X-B0531H,3344161,VJFE59F11X-B0531H,unknown,unknown,VAIO FE15 VJFE59; VAIO FE15 Ryzen 5 5500U; VJFE59F11X,AMD,Ryzen 5 5500U,Série 5000 (Lucienne),8,DDR4 3200MHz,512,SSD NVMe M.2,AMD Radeon RX Vega 7,15.6,1920x1080,LED TN antirreflexo 60Hz,FALSE,Wi-Fi 5 (802.11ac dual-band),TRUE,Membrana resistente a água,FALSE,,TRUE,TRUE,Windows 11 Home,2879.10,novo,Positivo / VAIO Brasil / KaBuM! / Pichau,641846,https://quenotebookcomprar.com.br/vaio-fe15-vjfe59f11x-b0531h/,Notebook VAIO FE15 AMD Ryzen 5 5500U 8GB 512GB SSD Tela 15.6 FHD Antirreflexo Win 11H Cinza - VJFE59F11X-B0531H,FE15 VJFE59F11X-B0531H,AMD Ryzen 5 5500U (6 núcleos / 12 threads até 4.0 GHz),"15,6″ Full HD (1920 x 1080 px) em painel do tipo TN antirreflexo",Wi-Fi 5 (802.11ac) dual band 2.4GHz / 5GHz + Bluetooth 5.1,"Layout ABNT2 com numérico dedicado, resistente a derramamento de água",https://quenotebookcomprar.com.br/vaio-fe15-vjfe59f11x-b0531h/,completed,2026-08-26T18:14:42-03:00,2026-08-26T18:14:42-03:00
APP-MBA-M1-MGN63BZ/A,Apple,MacBook Air,MacBook Air 13,"MacBook Air 13 (M1, 2020)",Apple MacBook Air 13 M1 MGN63BZ/A,MGN63BZ/A,MGN63BZ/A,MGN63BZ/A,194252055977,194252055977,MacBook Air M1; Apple MacBook Air 13 MGN63; MacBook Air 2020 M1,Apple,Apple M1 (8-core),Apple Silicon M1,8,LPDDR4X 4266MHz Unificada,256,SSD PCIe Integrado,Apple M1 7-Core GPU,13.3,2560x1600,Retina Display LED IPS 400 nits Wide Color (P3),TRUE,Wi-Fi 6 (802.11ax),TRUE,Magic Keyboard,TRUE,Branco,FALSE,FALSE,macOS,5579.10,novo,Apple Brasil / KaBuM! / JNN Tecnologia,887702,https://quenotebookcomprar.com.br/apple-macbook-air-mgn63bz-a/,"Notebook Apple MacBook Air 13 M1 (CPU 8core e GPU 7core, 8 GB RAM, 256 GB SSD) Cinza Espacial MGN63BZ/A","MacBook Air 13"" A2337 MGN63BZ/A",Apple M1 (CPU de 8 núcleos com 4 de desempenho e 4 de eficiência),"Tela Retina de 13,3 polegadas retroiluminada por LED com tecnologia IPS (2560 x 1600)",Rede Wi-Fi 6 802.11ax compatível com IEEE 802.11a/b/g/n/ac,Magic Keyboard retroiluminado com sensor Touch ID (layout US internacional),https://quenotebookcomprar.com.br/apple-macbook-air-mgn63bz-a/,completed,2026-08-26T18:14:42-03:00,2026-08-26T18:14:42-03:00
SAM-GB3-NP730QFG-KF1BR,Samsung,Galaxy Book,Galaxy Book3 360,NP730QFG,Samsung Galaxy Book3 360 NP730QFG-KF1BR,NP730QFG-KF1BR,NP730QFG-KF1BR,NP730QFG-KF1BR,7892509127400,7892509127400,Galaxy Book3 360; Samsung Book3 360 i5-1335U; NP730QFG,Intel,Core i5-1335U,13ª Geração,16,LPDDR4X 4267MHz,512,SSD NVMe M.2,Intel Iris Xe Graphics,13.3,1920x1080,Super AMOLED Touchscreen (similar IPS),TRUE,Wi-Fi 6E (802.11ax 2x2),TRUE,Pro com leitor biométrico,TRUE,Branco,FALSE,TRUE,Windows 11 Home,5499.00,novo,Samsung Brasil / Mercado Livre,MLB26951642,https://www.mercadolivre.com.br/notebook-samsung-galaxy-book3-360-intel-core-i5-1335u-16g-512gb-ssd-tela-133-windows11h-np730qfg-kf1br-cor-grafite/p/MLB26951642,"Notebook Samsung Galaxy Book3 360 Intel Core I5 1335u 16G 512GB SSD Tela 13.3"" Windows11H NP730QFG-KF1BR Cor Grafite",Galaxy Book3 360 NP730QFG-KF1BR,"Intel Core i5-1335U (1.3 GHz até 4.6 GHz, 12 MB L3 Cache)","13.3"" Full HD 1920 x 1080 AMOLED Touchscreen 360 graus",Wi-Fi 6E 802.11 ax 2x2 + Bluetooth v5.1,Layout ABNT2 retroiluminado com leitor de impressão digital integrado,https://www.mercadolivre.com.br/notebook-samsung-galaxy-book3-360-intel-core-i5-1335u-16g-512gb-ssd-tela-133-windows11h-np730qfg-kf1br-cor-grafite/p/MLB26951642,completed,2026-08-26T18:14:42-03:00,2026-08-26T18:14:42-03:00
SAM-GB2-NP550XED-KF2BR,Samsung,Galaxy Book,Galaxy Book2,NP550XED,Samsung Galaxy Book2 NP550XED-KF2BR,NP550XED-KF2BR,NP550XED-KF2BR,NP550XED-KF2BR,unknown,unknown,Samsung Galaxy Book2 NP550; Galaxy Book2 i5-1235U; NP550XED-KF2,Intel,Core i5-1235U,12ª Geração,8,DDR4 3200MHz,256,SSD NVMe M.2,Intel Iris Xe Graphics G7,15.6,1920x1080,LED Full HD PLS / IPS antirreflexo 60Hz,TRUE,Wi-Fi 5 (802.11ac),TRUE,Membrana com numérico,FALSE,,TRUE,TRUE,Windows 11 Home,2799.00,novo,Samsung Brasil / Qual Notebook Comprar,NP550XED-KF2BR,https://quenotebookcomprar.com.br/samsung-galaxy-book2-np550xed-kf2br/,Samsung Galaxy Book2 NP550XED-KF2BR i5 12 | SSD 256 GB | Tela Full HD IPS,Galaxy Book2 NP550XED-KF2BR,Intel Core i5-1235U (10 núcleos / 12 threads),"15,6″ Full HD (1920 x 1080 px) em painel tipo PLS (IPS) antirreflexo 60 Hz",Wi-Fi 5 802.11ac dual-band 2.4GHz / 5GHz + Bluetooth 5.1,Layout ABNT2 com teclado numérico integrado,https://quenotebookcomprar.com.br/samsung-galaxy-book2-np550xed-kf2br/,completed,2026-08-26T18:14:42-03:00,2026-08-26T18:14:42-03:00
POS-VIS-R15-3002880,Positivo,Vision,Vision R15,Vision R15 3002880,Positivo Vision R15 3002880,3002880,R58256A-15,3002880,7908068812920,7908068812920,Positivo Vision R15; Vision R15 Ryzen 5 5500U; R58256A-15,AMD,Ryzen 5 5500U,Série 5000 (Lucienne),8,DDR4,256,SSD NVMe M.2,AMD Radeon RX Vega 7,15.6,1920x1080,LED IPS 300 nits antirreflexo,TRUE,Wi-Fi 6 (802.11ax),TRUE,Membrana com numérico,FALSE,,TRUE,TRUE,Windows 11 Home,2499.00,novo,Positivo Brasil / Magazine Luiza / KaBuM!,3002880,https://loja.meupositivo.com.br/notebook-positivo-vision-r15-amd-ryzen-5-5500u-windows-11-home-8gb-ram-256gb-ssd-15-6-full-hd-tecla-copilot-preto-3002880/p,Notebook Positivo Vision R15 AMD Ryzen 5-5500U Windows 11 Home 8GB RAM 256GB SSD 15.6 Full HD IPS Lumina Bar Preto 3002880,Vision R15 R58256A-15,AMD Ryzen 5 5500U (6 núcleos / 12 threads até 4.0 GHz),"Tela 15.6"" Full HD (1920x1080) LED IPS 300 nits antirreflexiva",Wi-Fi 6 (802.11ax) Dual Band + Bluetooth 5.2,"Layout ABNT2 com numérico dedicado, tecla Copilot e webcam Lumina Bar",https://loja.meupositivo.com.br/notebook-positivo-vision-r15-amd-ryzen-5-5500u-windows-11-home-8gb-ram-256gb-ssd-15-6-full-hd-tecla-copilot-preto-3002880/p,completed,2026-08-26T18:14:42-03:00,2026-08-26T18:14:42-03:00
AVL-A52-ION-484621,Avell,A52,A52 ION,A52 ION,Avell A52 ION 484621,A52 ION,484621,A52 ION 484621,unknown,unknown,Avell A52 ION; Avell A52 i7-12650H RTX 4050; A52 ION,Intel,Core i7-12650H,12ª Geração (Alder Lake),16,DDR4 3200MHz Dual Channel,512,SSD M.2 NVMe Gen4,NVIDIA GeForce RTX 4050 6GB GDDR6 (128-bit),15.6,1920x1080,LCD WVA / IPS Matte 144Hz 250 nits (1000:1 contraste),TRUE,Wi-Fi 6 (802.11ax),TRUE,Membrana Gamer com numérico,TRUE,RGB Single Zone,TRUE,TRUE,Windows 11 Home SL,6499.00,novo,Avell Brasil / KaBuM!,484621,https://www.kabum.com.br/produto/484621/notebook-avell-a52-ion-intel-core-i7-12-gen-16gb-rtx-4050-ssd-512gb-windows-11,Notebook Avell A52 ION Intel Core i7 12ª Ger 16GB RTX 4050 SSD 512GB 15.6 FHD 144Hz WVA Win 11,Avell A52 ION,"Intel Core i7-12650H Alder Lake (24MB cache, até 4.7GHz Turbo Boost)",LCD 15.6'' FHD WVA Matte 1920x1080 144Hz 250 nits contraste 1000:1,Wi-Fi 6 802.11ax dual-band + Bluetooth,Teclado de membrana retroiluminado em RGB padrão ABNT2 com numérico,https://www.kabum.com.br/produto/484621/notebook-avell-a52-ion-intel-core-i7-12-gen-16gb-rtx-4050-ssd-512gb-windows-11,completed,2026-08-26T18:14:42-03:00,2026-08-26T18:14:42-03:00
HP-250-G9-9Q3D5LT,HP,HP 250,250 G9,250 G9,HP 250 G9 9Q3D5LT#AK4,9Q3D5LT#AK4,9Q3D5LT,9Q3D5LT#AK4,197961853483,197961853483,HP 250 G9; HP 250 i5-1235U; 9Q3D5LT,Intel,Core i5-1235U,12ª Geração (Alder Lake),8,DDR4 3200MHz,256,SSD PCIe NVMe M.2,Intel Iris Xe Graphics,15.6,1920x1080,LED Full HD SVA/IPS 250 nits antirreflexo,TRUE,Wi-Fi 6 (802.11ax),TRUE,Membrana com teclado numérico,FALSE,,TRUE,TRUE,Windows 11 Pro,3299.00,novo,HP Brasil / DHCP Informática / KaBuM!,588483,https://www.kabum.com.br/produto/588483/notebook-hp-250-g9-i5-1235u-memoria-8gb-ddr4-ssd-256gb-windows-11-pro-9q3d5ltak4,Notebook HP 250 G9 Intel Core i5-1235U 8GB RAM 256GB SSD 15.6 Full HD Windows 11 Pro - 9Q3D5LT#AK4,HP 250 G9 (9Q3D5LT#AK4),Intel Core i5-1235U (10 núcleos / 12 threads até 4.40 GHz),15.6'' Full HD (1920 x 1080) Antirreflexo 250 nits,Wi-Fi 6 (802.11ax 2x2) Dual Band + Bluetooth 5.2,Layout ABNT2 com teclado numérico dedicado,https://www.kabum.com.br/produto/588483/notebook-hp-250-g9-i5-1235u-memoria-8gb-ddr4-ssd-256gb-windows-11-pro-9q3d5ltak4,completed,2026-08-26T18:14:42-03:00,2026-08-26T18:14:42-03:00
ASU-ZB14-UX3402ZA-KM532W,ASUS,ZenBook,ZenBook 14,ZenBook 14 UX3402ZA,ASUS ZenBook 14 UX3402ZA-KM532W,90NB0VX1-M004G0,UX3402ZA-KM532W,UX3402ZA-KM532W,7898573299401,7898573299401,ASUS ZenBook 14 OLED; ZenBook UX3402ZA; ZenBook i7-1260P,Intel,Core i7-1260P,12ª Geração (Alder Lake) Intel Evo,16,LPDDR5,1024,SSD PCIe NVMe M.2,Intel Iris Xe Graphics G7 (96 EUs),14.0,2880x1800,OLED 2.8K 90Hz 400 nits 100% DCI-P3 (similar IPS),TRUE,Wi-Fi 6E (802.11ax dual-band),TRUE,ErgoSense Chiclet,TRUE,Branco,FALSE,TRUE,Windows 11 Home,6999.00,novo,ASUS Brasil / Qual Notebook Comprar,UX3402ZA-KM532W,https://quenotebookcomprar.com.br/asus-zenbook-14-ux3402za-km532w/,ASUS ZenBook 14 UX3402ZA-KM532W Intel Core i7-1260P RAM 16GB SSD 1TB Tela OLED 14 2.8K 90Hz Win 11,ZenBook 14 UX3402ZA-KM532W,"Intel Core i7-1260P (12 núcleos / 16 threads, até 4.7 GHz)","14,0″ 2.8K (2880 x 1800 px) OLED 90Hz 400 nits 100% DCI-P3",Wi-Fi 6E (802.11ax) dual band 2x2 + Bluetooth 5.2,Layout ABNT2 retroiluminado em branco sem numérico,https://quenotebookcomprar.com.br/asus-zenbook-14-ux3402za-km532w/,completed,2026-08-26T18:14:42-03:00,2026-08-26T18:14:42-03:00
ACE-PHN16-PHN16-71-72W6,Acer,Predator,Predator Helios Neo 16,PHN16-71,Acer Predator Helios Neo 16 PHN16-71-72W6,PHN16-71-72W6,PHN16-71-72W6,NH.QLUAL.001,4711474019080,4711474019080,Acer Predator Helios Neo 16; Predator Helios Neo i7 RTX 4060; PHN16-71,Intel,Core i7-13650HX,13ª Geração,16,DDR5 4800MHz,512,SSD NVMe Gen4 x4 M.2,NVIDIA GeForce RTX 4060 8GB GDDR6,16.0,1920x1200,"LED IPS 165Hz (400 nits, 100% sRGB)",TRUE,Wi-Fi 6 (802.11ax),TRUE,Gamer Membrana com numérico,TRUE,RGB 4 Zonas,TRUE,TRUE,Windows 11 Home,8499.0,novo,Qual Notebook Comprar / Acer Brasil,PHN16-71-72W6,https://quenotebookcomprar.com.br/review-acer-predator-helios-neo-phn16-71-72w6/,Review do Acer Predator Helios Neo PHN16-71 com RTX 4060,Predator Helios Neo PHN16-71-72W6,Intel Core i7-13650HX (14 núcleos / 20 threads até 4.90 GHz),"16:10 LED 16,0"" WUXGA (1920 x 1200 px) Painel IPS 165 Hz 400 nits 100% sRGB",Wi-Fi 6 (802.11ax) + Bluetooth 5.1,Layout ABNT2 com numérico retroiluminado RGB 4 zonas,https://quenotebookcomprar.com.br/review-acer-predator-helios-neo-phn16-71-72w6/,completed,2026-08-26T18:23:27-03:00,2026-08-26T18:23:27-03:00
ASU-ROG-G614JV-N3094W,ASUS,ROG,ROG Strix G16,G614JV-N3094W,ASUS ROG Strix G16 G614JV-N3094W,G614JV-N3094W,G614JV-N3094W,90NR0C61-M008E0,4711387085042,4711387085042,ASUS ROG Strix G16; ROG Strix G16 i9 RTX 4060; G614JV,Intel,Core i9-13980HX,13ª Geração,16,DDR5 4800MHz,512,SSD NVMe Gen4 x4 M.2,NVIDIA GeForce RTX 4060 8GB GDDR6,16.0,1920x1200,IPS-level 165Hz (100% sRGB),TRUE,Wi-Fi 6 (802.11ax),TRUE,Chiclet Gamer,TRUE,RGB,FALSE,TRUE,Windows 11 Home,11999.0,novo,Qual Notebook Comprar / ASUS Brasil,G614JV-N3094W,https://quenotebookcomprar.com.br/asus-rog-strix-g16-g614jv-n3094w/,ASUS ROG Strix G16 G614JV-N3094W i9 | RTX 4060 | 165 Hz,ROG Strix G16 G614JV-N3094W,"Intel Core i9-13980HX (24 núcleos / 32 threads, 36MB cache até 5.60 GHz)","16:10 LED 16,0"" WUXGA (1920 x 1200 px) Painel IPS-level 165 Hz 100% sRGB",Wi-Fi 6 (802.11ax) + Bluetooth 5.2,Layout ABNT2 sem numérico retroiluminado na cor RGB,https://quenotebookcomprar.com.br/asus-rog-strix-g16-g614jv-n3094w/,completed,2026-08-26T18:23:27-03:00,2026-08-26T18:23:27-03:00
APP-MBP14-M3-MTL73BZ/A,Apple,MacBook Pro,MacBook Pro 14,"MacBook Pro 14 (M3, 2023)",Apple MacBook Pro 14 M3 MTL73BZ/A,MTL73BZ/A,MTL73BZ/A,MTL73BZ/A,195949120612,195949120612,MacBook Pro 14 M3; Apple MacBook Pro 14 MTL73; MacBook Pro M3 A2918; MTL53BZ/A,Apple,Apple M3 (8-core),Apple Silicon M3,8,LPDDR5 Unificada,512,SSD PCIe Integrado,Apple M3 10-Core GPU,14.2,3024x1964,Liquid Retina XDR Mini-LED IPS (120Hz ProMotion),TRUE,Wi-Fi 6E (802.11ax),TRUE,Magic Keyboard,TRUE,Branco,FALSE,FALSE,macOS,11499.0,novo,KaBuM! / Apple Brasil,888424,https://www.kabum.com.br/produto/888424/apple-macbook-pro-m3-octa-core-14-2-retina-8gb-de-ram-512gb-ssd-space-gray-mtl73bz-a-a2918,"Apple Macbook Pro M3 Octa Core 14.2"" Retina 8GB De Ram 512gb SSD - Space Gray Mtl73bz/a A2918",MacBook Pro 14 MTL73BZ/A A2918,Apple M3 (8-core CPU com 4 de desempenho e 4 de eficiência),"14.2"" Liquid Retina XDR (3024 x 1964) Mini-LED IPS 120Hz ProMotion 1600 nits pico",Wi-Fi 6E (802.11ax) + Bluetooth 5.3,Magic Keyboard retroiluminado com sensor Touch ID (layout US internacional),https://www.kabum.com.br/produto/888424/apple-macbook-pro-m3-octa-core-14-2-retina-8gb-de-ram-512gb-ssd-space-gray-mtl73bz-a-a2918,completed,2026-08-26T18:23:27-03:00,2026-08-26T18:23:27-03:00
LEN-LEG-SLIM5-83D60003BR,Lenovo,Legion,Legion Slim 5,16IRH8,Lenovo Legion Slim 5i 16IRH8 83D60003BR,83D60003BR,83D60003BR,83D60003BR,197528583617,197528583617,Lenovo Legion Slim 5i; Legion Slim 5 16IRH8; Lenovo 83D6,Intel,Core i5-13420H,13ª Geração,16,DDR5 5200MHz,512,SSD M.2 2280 PCIe Gen4,NVIDIA GeForce RTX 3050 6GB GDDR6,16.0,2560x1600,"WQXGA WVA/IPS 165Hz (350 nits, 100% sRGB)",TRUE,Wi-Fi 6E (802.11ax 2x2),TRUE,Legion TrueStrike com numérico,TRUE,Branco,TRUE,TRUE,Windows 11 Home,7799.99,novo,Lenovo Brasil / KaBuM!,83D60003BR,https://www.lenovo.com/br/pt/p/laptops/legion-laptops/legion-5-series/legion-slim-5i-gen-8-(16-inch-intel)/83d60003br,"Legion Slim 5i Intel Core i5-13420H RTX 3050 6 GB 16"" 165 Hz",Legion Slim 5i 16IRH8 83D60003BR,Intel Core i5-13420H de 13ª geração (até 4.60 GHz),"16"" WQXGA (2560 x 1600) WVA/IPS antirreflexo 100% sRGB 350 nits 165 Hz",Wi-Fi 6E 2x2 AX & Bluetooth 5.1,"Retroiluminado branco, cinza escuro - Português (BR) ABNT2",https://www.lenovo.com/br/pt/p/laptops/legion-laptops/legion-5-series/legion-slim-5i-gen-8-(16-inch-intel)/83d60003br,completed,2026-08-26T18:23:27-03:00,2026-08-26T18:23:27-03:00
SAM-GB4P-NP940XGK-KG1BR,Samsung,Galaxy Book,Galaxy Book4 Pro,NP940XGK,Samsung Galaxy Book4 Pro NP940XGK-KG1BR,NP940XGK-KG1BR,NP940XGK-KG1BR,NP940XGK-KG1BR,unknown,unknown,Galaxy Book4 Pro; Samsung Book4 Pro Ultra 7; NP940XGK,Intel,Core Ultra 7 155H,Série 1 (Meteor Lake),16,LPDDR5X,512,SSD NVMe M.2,Intel Arc Graphics 8-Cores iGPU,14.0,2880x1800,"AMOLED Touchscreen 120Hz (400 nits, DCI-P3 120%)",TRUE,Wi-Fi 6E (802.11ax 2x2),TRUE,Pro Chiclet,TRUE,Branco,FALSE,TRUE,Windows 11 Home,8999.0,novo,Qual Notebook Comprar / Samsung Brasil,NP940XGK-KG1BR,https://quenotebookcomprar.com.br/samsung-galaxy-book4-pro-np940xgk-kg1br/,Samsung Galaxy Book4 Pro NP940XGK-KG1BR Ultra 7 | AMOLED,Galaxy Book4 Pro NP940XGK-KG1BR,Intel Core Ultra 7 155H (16 núcleos / 22 threads até 4.80 GHz),"16:10 AMOLED 14,0"" Touchscreen 2880 x 1800 px 120 Hz 400 nits DCI-P3 120%",Wi-Fi 6E (802.11ax 2x2) + Bluetooth 5.3,Layout ABNT2 retroiluminado na cor branca sem numérico,https://quenotebookcomprar.com.br/samsung-galaxy-book4-pro-np940xgk-kg1br/,completed,2026-08-26T18:23:27-03:00,2026-08-26T18:23:27-03:00
SAM-GB4-360-NP750QGK-KG1BR,Samsung,Galaxy Book,Galaxy Book4 360,NP750QGK,Samsung Galaxy Book4 360 NP750QGK-KG1BR,NP750QGK-KG1BR,NP750QGK-KG1BR,NP750QGK-KG1BR,unknown,unknown,Galaxy Book4 360; Samsung Book4 360 Core 7; NP750QGK,Intel,Core 7-150U,Série 1 (Raptor Lake Refresh),16,LPDDR5,1024,SSD NVMe M.2,Intel Iris Xe Graphics G7 (96 EUs),15.6,1920x1080,"Super AMOLED Touchscreen (400 nits, DCI-P3 120%)",TRUE,Wi-Fi 6E (802.11ax 2x2),TRUE,Pro Chiclet com numérico,TRUE,Branco,TRUE,TRUE,Windows 11 Home,6499.0,novo,Qual Notebook Comprar / Samsung Brasil,NP750QGK-KG1BR,https://quenotebookcomprar.com.br/samsung-galaxy-book4-360-np750qgk-kg1br/,Samsung Galaxy Book4 360 NP750QGK-KG1BR Core 7 | FHD,Galaxy Book4 360 NP750QGK-KG1BR,Intel Core 7-150U (10 núcleos / 12 threads até 5.40 GHz),"16:9 Super AMOLED 15,6"" Touchscreen Full HD (1920 x 1080 px) 400 nits",Wi-Fi 6E (802.11ax 2x2) + Bluetooth 5.3,Layout ABNT2 com numérico retroiluminado na cor branca,https://quenotebookcomprar.com.br/samsung-galaxy-book4-360-np750qgk-kg1br/,completed,2026-08-26T18:23:27-03:00,2026-08-26T18:23:27-03:00
ACE-TRITON-PT316-51S-72XA,Acer,Predator,Predator Triton 300 SE,PT316-51s,Acer Predator Triton 300 SE PT316-51s-72XA,PT316-51s-72XA,PT316-51s-72XA,NH.QFRAAL.001,unknown,unknown,Acer Predator Triton 300 SE; Triton 300 SE i7 RTX 3060; PT316-51s,Intel,Core i7-12700H,12ª Geração,16,DDR5 4800MHz,512,SSD M.2 NVMe Gen4 x4,NVIDIA GeForce RTX 3060 6GB GDDR6,16.0,2560x1600,LED IPS 240Hz (WQXGA 16:10),TRUE,Wi-Fi 6 (802.11ax),TRUE,Chiclet Gamer,TRUE,RGB 3 Zonas,FALSE,TRUE,Windows 11 Home,7999.0,novo,Qual Notebook Comprar / Acer Brasil,PT316-51s-72XA,https://quenotebookcomprar.com.br/acer-predator-triton-300-se-pt316-51s-72xa/,Acer Predator Triton 300 SE PT316-51s-72XA Core i7 | RTX 3060,Predator Triton 300 SE PT316-51s-72XA,Intel Core i7-12700H de 12ª geração (14 núcleos / 20 threads),"16:10 LED 16,0"" IPS (2560 x 1600 px) 240 Hz",Wi-Fi 6 (802.11ax) + Bluetooth 5.2,Layout ABNT2 RGB sem numérico dedicado,https://quenotebookcomprar.com.br/acer-predator-triton-300-se-pt316-51s-72xa/,completed,2026-08-26T18:23:27-03:00,2026-08-26T18:23:27-03:00
VAI-FE16-VJFE62F11X-B0311H,VAIO,FE16,FE16,VJFE62F11X,VAIO FE16 VJFE62F11X-B0311H,VJFE62F11X-B0311H,VJFE62F11X-B0311H,VJFE62F11X-B0311H,7908068813507,7908068813507,VAIO FE16; VAIO FE16 i5-1335U; VJFE62F11X,Intel,Core i5-1335U,13ª Geração,16,DDR4 2666MHz,512,SSD M.2 NVMe Gen4,Intel Iris Xe Graphics,16.0,1920x1200,LED IPS antirreflexo (WUXGA 16:10),TRUE,Wi-Fi 6 (802.11ax),TRUE,Membrana resistente à água com numérico,FALSE,,TRUE,TRUE,Linux Debian 12,3299.0,novo,KaBuM! / Positivo VAIO Brasil,927080,https://www.kabum.com.br/produto/927080/notebook-vaio-fe16-intel-core-i5-1335u-linux-16gb-ram-512gb-ssd-16-ips-wuxga-antirreflexo-cinza-grafite,"Notebook Vaio Fe16, Intel Core i5-1335u, 16GB RAM, SSD 512GB, Tela 16"" IPS WUXGA Antirreflexo, Linux, Cinza Grafite - Vjfe62f11x-B0311h",VAIO FE16 VJFE62F11X-B0311H,"Intel Core i5-1335U, 13ª geração, até 4.60 GHz, 12MB cache","16"" WUXGA (1920x1200) IPS widescreen 16:10 antirreflexiva",Wi-Fi 6 (802.11ax) + Bluetooth 5.1,Português-Brasil ABNT2 com numérico resistente à água,https://www.kabum.com.br/produto/927080/notebook-vaio-fe16-intel-core-i5-1335u-linux-16gb-ram-512gb-ssd-16-ips-wuxga-antirreflexo-cinza-grafite,completed,2026-08-26T18:23:27-03:00,2026-08-26T18:23:27-03:00
GIG-G5-MF-E2BR333SH,Gigabyte,G5,G5 MF,G5 MF,Gigabyte G5 MF G5-MF-E2BR333SH,G5-MF-E2BR333SH,G5-MF-E2BR333SH,G5-MF-E2BR333SH,4719331993420,4719331993420,Gigabyte G5 MF; Gigabyte G5 i5-12500H RTX 4050; G5 MF,Intel,Core i5-12500H,12ª Geração,8,DDR5 4800MHz,512,SSD M.2 NVMe PCIe,NVIDIA GeForce RTX 4050 6GB GDDR6,15.6,1920x1080,FHD IPS 144Hz antirreflexo,TRUE,Wi-Fi 6E (802.11ax),TRUE,Gamer Membrana com numérico,TRUE,15 Cores Iluminado,TRUE,TRUE,Windows 11 Home,4999.0,novo,KaBuM! / Pichau,484397,https://www.kabum.com.br/produto/484397/notebook-gamer-gigabyte-g5-mf-intel-core-i5-12500h-8gb-ram-geforce-rtx-4050-512gb-ssd-15-6-win11-home-preto-g5-mf-e2br333sh,"Notebook Gamer Gigabyte G5 Mf Intel Core I5-12500h, 8GB RAM, GeForce RTX 4050, 512GB SSD, 15.6, Win11 Home, Preto - G5-MF-E2BR333SH",Gigabyte G5 MF G5-MF-E2BR333SH,Intel Core i5-12500H de 12ª geração (12 núcleos / 16 threads até 4.70 GHz),"15.6"" FHD (1920 x 1080) 144 Hz IPS",Wi-Fi 6E (802.11ax) + Bluetooth 5.2,Tamanho completo iluminado em 15 cores com teclado numérico ABNT2,https://www.kabum.com.br/produto/484397/notebook-gamer-gigabyte-g5-mf-intel-core-i5-12500h-8gb-ram-geforce-rtx-4050-512gb-ssd-15-6-win11-home-preto-g5-mf-e2br333sh,completed,2026-08-26T18:23:27-03:00,2026-08-26T18:23:27-03:00
ASU-VB16X-K3605ZF-N1420W,ASUS,VivoBook,VivoBook 16X,K3605ZF,ASUS VivoBook 16X K3605ZF-N1420W,K3605ZF-N1420W,K3605ZF-N1420W,90NB10M2-M00760,7898573299715,7898573299715,ASUS VivoBook 16X; VivoBook 16X i5 RTX 2050; K3605ZF,Intel,Core i5-12500H,12ª Geração,8,DDR4 3200MHz,512,SSD M.2 NVMe PCIe 3.0,NVIDIA GeForce RTX 2050 4GB GDDR6,16.0,1920x1200,"LED IPS-level 120Hz (300 nits, 100% sRGB)",TRUE,Wi-Fi 6 (802.11ax),TRUE,ErgoSense Chiclet com numérico,TRUE,Branco,TRUE,TRUE,Windows 11 Home,4499.0,novo,Qual Notebook Comprar / ASUS Brasil,K3605ZF-N1420W,https://quenotebookcomprar.com.br/asus-vivobook-16x-k3605zf-n1420w/,ASUS VivoBook 16X K3605ZF-N1420W Core i5 | RTX 2050,VivoBook 16X K3605ZF-N1420W,Intel Core i5-12500H (12 núcleos / 16 threads até 4.50 GHz),"16:10 LED 16,0"" WUXGA (1920 x 1200 px) Painel IPS-level 120 Hz 300 nits 100% sRGB",Wi-Fi 6 (802.11ax) + Bluetooth 5.3,Layout ABNT2 com numérico retroiluminado na cor branca,https://quenotebookcomprar.com.br/asus-vivobook-16x-k3605zf-n1420w/,completed,2026-08-26T18:23:27-03:00,2026-08-26T18:23:27-03:00
DEL-ALW-M16R2-U7155H-M20P,Dell,Alienware,Alienware m16,m16 R2,Dell Alienware m16 R2 AW16-U7155H-M20P,AW16-U7155H-M20P,AW16-U7155H-M20P,AW16-U7155H-M20P,unknown,unknown,Alienware m16 R2; Alienware m16 Ultra 7 RTX 4070; AW16-U7155H,Intel,Core Ultra 7 155H,Série 1 (Meteor Lake),32,DDR5 5600MHz,1024,SSD PCIe NVMe M.2,NVIDIA GeForce RTX 4070 8GB GDDR6,16.0,2560x1600,"QHD+ WVA/IPS 240Hz (300 nits, 100% sRGB)",TRUE,Intel Killer Wi-Fi 7 / Wi-Fi 6E (802.11ax/be),TRUE,AlienFX Gamer Chiclet,TRUE,RGB 1-Zona,FALSE,TRUE,Windows 11 Home,18990.0,novo,Dell Brasil / Mercado Livre,AW16-U7155H-M20P,https://lista.mercadolivre.com.br/alienware-m16-r2-4070,Notebook Dell Alienware M16 R2 Aw16-u7155h-m20p 16 Qhd+ Int Preto 32 gb RTX 4070,Alienware m16 R2 AW16-U7155H-M20P,Intel Core Ultra 7 155H (16 núcleos / 22 threads até 4.80 GHz),"16-inch, QHD+ 2560 x 1600, 240 Hz, WVA/IPS, 100% sRGB, 300 nits",Intel Killer Wi-Fi 7 / Wi-Fi 6E AX1675 2x2,AlienFX RGB ABNT2 sem numérico,https://lista.mercadolivre.com.br/alienware-m16-r2-4070,completed,2026-08-26T18:23:27-03:00,2026-08-26T18:23:27-03:00
ASU-ZB14-UX3405MA-QD714W,ASUS,ZenBook,ZenBook 14 OLED,UX3405MA,ASUS ZenBook 14 OLED UX3405MA,UX3405MA,UX3405MA-QD714W,90NB11R2-M00T80,7898573299883,7898573299883,ASUS ZenBook 14 OLED; ZenBook UX3405MA; ZenBook Ultra 7,Intel,Core Ultra 7 155H,Série 1 (Meteor Lake),32,LPDDR5X 7467MHz,1024,SSD M.2 NVMe PCIe 4.0,Intel Arc Graphics,14.0,2880x1800,"3K Lumina OLED 120Hz (600 nits HDR, 100% DCI-P3)",TRUE,Wi-Fi 6E / Wi-Fi 7 (802.11ax/be),TRUE,ErgoSense Chiclet com NumberPad,TRUE,Branco,FALSE,TRUE,Windows 11 Home,9999.0,novo,ASUS Brasil / Fast Shop,UX3405MA,https://www.asus.com/laptops/for-home/zenbook/asus-zenbook-14-oled-ux3405/techspec/,ASUS Zenbook 14 OLED (UX3405) - Tech Specs | Laptops For Home,ZenBook 14 OLED UX3405MA,Intel Core Ultra 7 155H (16 núcleos / 22 threads com NPU AI Boost),14.0-inch 3K (2880 x 1800) OLED 16:10 120Hz 600nits peak HDR 100% DCI-P3,Wi-Fi 6E / Wi-Fi 7 Dual Band + Bluetooth 5.3,ErgoSense retroiluminado ABNT2 com teclado numérico no touchpad (NumberPad 2.0),https://www.asus.com/laptops/for-home/zenbook/asus-zenbook-14-oled-ux3405/techspec/,completed,2026-08-26T18:23:27-03:00,2026-08-26T18:23:27-03:00
LEN-YOGA-SLIM7X-83ED001XBR,Lenovo,Yoga,Yoga Slim 7x,14Q8X9 (83ED),Lenovo Yoga Slim 7x 14Q8X9 83ED001XBR,83ED001XBR,83ED001XBR,83ED001XBR,unknown,unknown,Lenovo Yoga Slim 7x; Yoga Slim 7x Gen 9; Lenovo 83ED; Yoga Snapdragon X Elite,Qualcomm,Snapdragon X Elite X1E-78-100,Snapdragon X Series (NPU 45 TOPS),32,LPDDR5X 8448MHz,1024,SSD M.2 PCIe 4.0 NVMe,Qualcomm Adreno X1-85 GPU (3.8 TFLOPS),14.5,2944x1840,"OLED Touchscreen 90Hz (1000 nits, 100% DCI-P3)",TRUE,Wi-Fi 7 (802.11be),TRUE,Membrana Premium,TRUE,Branco,FALSE,TRUE,Windows 11 Home,10199.0,novo,Lenovo Brasil / Qual Notebook Comprar,83ED001XBR,https://quenotebookcomprar.com.br/lenovo-yoga-slim-7x-83ed001xbr/,Lenovo Yoga Slim 7x 83ED001XBR Snapdragon X Elite | OLED,Yoga Slim 7x 14Q8X9 83ED001XBR,"Qualcomm Snapdragon X Elite X1E-78-100 (12 núcleos até 3.4GHz, NPU 45 TOPS)","14,5″ 3K (2944 x 1840 px) OLED Touch 90Hz 1000 nits 100% DCI-P3",Wi-Fi 7 (802.11be) Dual Band / Tri-band + Bluetooth 5.4,Layout ABNT2 retroiluminado na cor branca sem numérico,https://quenotebookcomprar.com.br/lenovo-yoga-slim-7x-83ed001xbr/ | https://www.lenovo.com/br/pt/p/laptops/yoga/yoga-slim-series/yoga-slim-7x-gen-9-14-inch-snapdragon/83ed001xbr,completed,2026-08-26T18:43:05-03:00,2026-08-26T18:43:05-03:00
DEL-XPS14-9440-U7155H,Dell,XPS,XPS 14,XPS 14 9440,Dell XPS 14 9440 Intel Core Ultra 7,9440-U7155H,KYCTR,KYCTR,unknown,unknown,Dell XPS 14 9440; XPS 14 Core Ultra; Dell 9440 KYCTR,Intel,Core Ultra 7 155H,Intel Core Ultra Série 1 (Meteor Lake),32,LPDDR5X 7467MHz,1024,SSD PCIe NVMe M.2,NVIDIA GeForce RTX 4050 6GB GDDR6,14.5,3200x2000,"3.2K OLED Touchscreen 120Hz (400 nits, 100% DCI-P3)",TRUE,Wi-Fi 6E (Intel Killer AX211),TRUE,Zero-Lattice com barra de função capacitiva,TRUE,Branco,FALSE,FALSE,Windows 11 Home,14999.0,novo,Dell Brasil / Pangoly,KYCTR,https://www.dell.com/pt-br/shop/notebooks-dell/notebook-xps-14/spd/xps-14-9440-laptop,Notebook Dell XPS 14 9440 Intel Core Ultra 7 155H 32GB 1TB SSD RTX 4050 OLED Touch,Dell XPS 14 9440 (KYCTR),"Intel Core Ultra 7 155H (16 núcleos / 22 threads até 4.80 GHz, Intel AI Boost)","14.5"" 3.2K (3200 x 2000) OLED Touch 120Hz InfinityEdge 400 nits","Intel Killer Wi-Fi 6E AX211, 2x2, 802.11ax + Bluetooth 5.3",Teclado Zero-Lattice retroiluminado com tecla Copilot e barra de função capacitiva,https://www.dell.com/pt-br/shop/notebooks-dell/notebook-xps-14/spd/xps-14-9440-laptop,completed,2026-08-26T18:43:05-03:00,2026-08-26T18:43:05-03:00
MSI-PRESTIGE16-B1MG,MSI,Prestige,Prestige 16 AI,Prestige 16 AI Evo B1MG,MSI Prestige 16 AI Evo B1MG-013US,B1MG-013US,B1MG-013US,9S7-15A111-013,unknown,unknown,MSI Prestige 16 AI Evo; Prestige 16 B1MG; MSI Prestige Ultra 9,Intel,Core Ultra 9 185H,Intel Core Ultra Série 1 (Meteor Lake),32,LPDDR5X 6400MHz,1024,SSD NVMe M.2 PCIe Gen4,Intel Arc Graphics (8-Cores iGPU),16.0,2560x1600,QHD+ IPS-Level 100% DCI-P3 (400 nits),TRUE,Wi-Fi 7 (Intel Killer BE1750),TRUE,Chiclet com teclado numérico,TRUE,Branco,TRUE,FALSE,Windows 11 Home,11499.0,novo,MSI / BNE Store / Horizon Play Brasil,B1MG-013US,https://latam.msi.com/Business-Productivity/Prestige-16-AI-Evo-B1MX/Specification,Notebook MSI Prestige 16 AI EVO Intel Core Ultra 9 32GB SSD 1TB 16 QHD+ IPS Win 11,Prestige 16 AI Evo B1MG-013US,"Intel Core Ultra 9 185H (16 núcleos / 22 threads até 5.10 GHz, Intel AI Boost NPU)","16.0"" 16:10 QHD+ (2560x1600) IPS-Level 100% DCI-P3 400 nits",Intel Killer Wi-Fi 7 BE1750 802.11be + Bluetooth 5.4,Single Backlit Keyboard (White) com teclado numérico e tecla Copilot,https://latam.msi.com/Business-Productivity/Prestige-16-AI-Evo-B1MX/Specification | https://www.bnestore.com.br/notebook/notebook-msi-prestige-16-ai-evo-intel-core-ultra-9-2-3ghz-memoria-16gb-ssd-1tb-16-windows-11,completed,2026-08-26T18:43:05-03:00,2026-08-26T18:43:05-03:00
LEN-TP-T14G5-21MM0008BO,Lenovo,ThinkPad,ThinkPad T14,T14 Gen 5 (Intel),Lenovo ThinkPad T14 Gen 5 21MM0008BO,21MM0008BO,21MM0008BO,21MM0008BO,unknown,unknown,Lenovo ThinkPad T14 Gen 5; ThinkPad T14 G5 Intel; 21MM0008BO,Intel,Core Ultra 7 155U,Intel Core Ultra Série 1 (Meteor Lake),16,DDR5 5600MHz,512,SSD M.2 2280 PCIe Gen4 TLC Opal,Intel Graphics (4-Cores iGPU),14.0,1920x1200,WUXGA IPS 300 nits antirreflexo 45% NTSC (16:10),TRUE,Wi-Fi 6E (Intel AX211 802.11ax),TRUE,ThinkPad Precision com TrackPoint,TRUE,Branco,FALSE,TRUE,Windows 11 Pro,8999.0,novo,Lenovo Brasil / PSREF,21MM0008BO,https://www.lenovo.com/br/pt/p/laptops/thinkpad/thinkpadt/thinkpad-t14-gen-5-14-inch-intel/21mm0008bo,Notebook Lenovo ThinkPad T14 Gen 5 21MM0008BO Intel Core Ultra 7 155U 16GB 512GB SSD 14 WUXGA IPS Win 11 Pro,ThinkPad T14 Gen 5 Type 21MM,Intel Core Ultra 7 155U (12 núcleos / 14 threads até 4.80 GHz),"14"" WUXGA (1920 x 1200) IPS 300 nits Antirreflexo 16:10","Intel Wi-Fi 6E AX211, 11ax 2x2 + Bluetooth 5.3",Teclado ABNT2 em português retroiluminado com TrackPoint e leitor biométrico,https://www.lenovo.com/br/pt/p/laptops/thinkpad/thinkpadt/thinkpad-t14-gen-5-14-inch-intel/21mm0008bo,completed,2026-08-26T18:43:05-03:00,2026-08-26T18:43:05-03:00
SAM-GB4U-NP960XGL-XG1BR,Samsung,Galaxy Book,Galaxy Book4 Ultra,NP960XGL,Samsung Galaxy Book4 Ultra NP960XGL-XG1BR,NP960XGL-XG1BR,NP960XGL-XG1BR,NP960XGL-XG1BR,unknown,unknown,Galaxy Book4 Ultra; Samsung Book4 Ultra Core Ultra 9; NP960XGL-XG1,Intel,Core Ultra 9 185H,Intel Core Ultra Série 1 (Meteor Lake),32,LPDDR5X 7467MHz,1024,SSD NVMe M.2 PCIe Gen4,NVIDIA GeForce RTX 4070 8GB GDDR6,16.0,2880x1800,"Dynamic AMOLED 2X Touchscreen 120Hz (400 nits, 120% DCI-P3)",TRUE,Wi-Fi 6E (802.11ax 2x2),TRUE,Pro com teclado numérico,TRUE,Branco,TRUE,TRUE,Windows 11 Home,18999.0,novo,Samsung Brasil / Qual Notebook Comprar,NP960XGL-XG1BR,https://quenotebookcomprar.com.br/review-samsung-galaxy-book4-ultra-np960xgl-xg1br/,Samsung Galaxy Book4 Ultra NP960XGL-XG1BR Ultra 9 | RTX 4070 | AMOLED 120Hz,Galaxy Book4 Ultra NP960XGL-XG1BR,"Intel Core Ultra 9 185H (16 núcleos / 22 threads até 5.10 GHz, 24MB cache)","16:10 AMOLED 16,0"" pol. touch 2880 x 1800 px Dynamic AMOLED 2X 120Hz 400 nits",Wi-Fi 6E (802.11ax) dual-band + Bluetooth 5.3,Layout ABNT2 com teclado numérico dedicado e retroiluminado na cor branca,https://quenotebookcomprar.com.br/review-samsung-galaxy-book4-ultra-np960xgl-xg1br/ | https://www.samsung.com/br/computers/samsung-book/galaxy-book4-ultra-16-inch-ultra-9-32gb-1tb-np960xgl-xg1br/,completed,2026-08-26T18:43:05-03:00,2026-08-26T18:43:05-03:00
ACE-SWIFTGO-SFG14-73T-54KB,Acer,Swift,Swift Go 14,SFG14-73T,Acer Swift Go 14 SFG14-73T-54KB,NX.KSMAL.002,SFG14-73T-54KB,NX.KSMAL.002,4711121953774,4711121953774,Acer Swift Go 14; Swift Go SFG14-73T; NX.KSMAL.002; Swift Go Ultra 5,Intel,Core Ultra 5 125H,Intel Core Ultra Série 1 (Meteor Lake),16,LPDDR5X 6400MHz,512,SSD M.2 NVMe Gen4 x4,Intel Arc Graphics (7-Cores iGPU),14.0,1920x1200,LED IPS Touchscreen WUXGA 400 nits 100% sRGB,TRUE,Wi-Fi 6E (802.11ax),TRUE,Membrana com leitor biométrico,TRUE,Branco,FALSE,TRUE,Windows 11 Home,4999.0,novo,Acer Brasil / KaBuM! / Qual Notebook Comprar,583223,https://quenotebookcomprar.com.br/acer-swift-go-sfg14-73t-54kb/,"Acer Swift Go SFG14-73T-54KB Ultra 5 | SSD 512 | 14"" Touch WUXGA IPS",Swift Go 14 SFG14-73T-54KB (NX.KSMAL.002),"Intel Core Ultra 5 125H (14 núcleos / 18 threads até 4.50 GHz, 18MB cache)","16:10 LED 14,0"" WUXGA (1920 x 1200 px) Touchscreen Painel IPS 400 nits 100% sRGB",Wi-Fi 6E (802.11ax) dual-band + Bluetooth 5.3,Layout ABNT2 em português sem numérico retroiluminado na cor branca,https://quenotebookcomprar.com.br/acer-swift-go-sfg14-73t-54kb/ | https://www.kabum.com.br/produto/583223/notebook-acer-swift-go-14-intel-core-ultra-5-125h-14-geracao-16gb-ssd-512gb-tela-14-touch-wuxga-windows-11-home-sfg14-73t-54kb,completed,2026-08-26T18:43:05-03:00,2026-08-26T18:43:05-03:00
DEL-VOS-3520-V15M-P30T,Dell,Vostro,Vostro 15,Vostro 3520,Dell Vostro 15 3520 V15M-3520-P30T,V15M-3520-P30T,V15M-3520-P30T,V15M-3520-P30T,unknown,unknown,Dell Vostro 3520; Vostro 15 3520; V15M-3520; Vostro i5-1235U,Intel,Core i5-1235U,12ª Geração (Alder Lake),8,DDR4 3200MHz,256,SSD NVMe M.2 PCIe,Intel Iris Xe Graphics G7 (80 EUs),15.6,1920x1080,LED WVA 120Hz antirreflexo (250 nits),TRUE,Wi-Fi 6 (802.11ax 2x2),TRUE,Membrana com numérico,TRUE,Branco,TRUE,TRUE,Windows 11 Pro,3299.0,novo,Dell Brasil / Qual Notebook Comprar,V15M-3520-P30T,https://quenotebookcomprar.com.br/dell-vostro-15-v15m-3520-p30t/,Dell Vostro 15 V15M-3520-P30T Core i5 | RAM 8 GB | SSD 256 GB | WVA,Vostro 15 3520 V15M-3520-P30T,Intel Core i5-1235U (10 núcleos / 12 threads até 4.40 GHz),"15,6″ Full HD (1920 x 1080 px) painel do tipo WVA antirreflexo 120Hz 250 nits",Wi-Fi 6 (802.11ax) dual-band + Bluetooth,Layout ABNT2 com numérico dedicado e retroiluminado,https://quenotebookcomprar.com.br/dell-vostro-15-v15m-3520-p30t/,completed,2026-08-26T18:43:05-03:00,2026-08-26T18:43:05-03:00
MSI-CYBORG15-9S7-15K111-1462,MSI,Cyborg,Cyborg 15,Cyborg 15 A13VF,MSI Cyborg 15 A13VF 9S7-15K111-1462,9S7-15K111-1462,620567,9S7-15K111-1462,4711377209359,4711377209359,MSI Cyborg 15; Cyborg 15 i7 RTX 4060; 9S7-15K111-1462,Intel,Core i7-13700H,13ª Geração (Raptor Lake),16,DDR5 5200MHz,512,SSD NVMe PCIe Gen4 M.2,NVIDIA GeForce RTX 4060 8GB GDDR6 (45W TGP),15.6,1920x1080,FHD IPS-Level 144Hz antirreflexo,TRUE,Wi-Fi 6 (802.11ax),TRUE,Gamer translúcido com numérico,TRUE,Azul,TRUE,FALSE,Windows 11 Home,7499.0,novo,KaBuM! / MSI Brasil,620567,https://www.kabum.com.br/produto/620567/notebook-gamer-msi-cyborg-15-intel-core-i7-13-16gb-ram-ssd-512gb-15-6-fhd-144hz-geforce-rtx-4060-win-11h-preto-9s7-15k111-1462,Notebook Gamer MSI Cyborg 15 Intel Core i7-13700H 16GB RAM SSD 512GB 15.6 FHD 144Hz GeForce RTX 4060 Win 11H Preto 9S7-15K111-1462,MSI Cyborg 15 A13VF (9S7-15K111-1462),"Intel Core i7-13700H (14 núcleos / 20 threads até 5.00 GHz, 24MB cache)","15,6"" FHD (1920x1080), taxa de atualização de 144 Hz, nível IPS",Wi-Fi 6 (802.11ax) + Bluetooth 5.2,Teclado retroiluminado único (azul) com teclas WASD translúcidas e teclado numérico,https://www.kabum.com.br/produto/620567/notebook-gamer-msi-cyborg-15-intel-core-i7-13-16gb-ram-ssd-512gb-15-6-fhd-144hz-geforce-rtx-4060-win-11h-preto-9s7-15k111-1462,completed,2026-08-26T18:43:05-03:00,2026-08-26T18:43:05-03:00
AVL-STORM450-MN000089,Avell,Storm,Storm 450,Storm 450 MN000089,Avell Storm 450 MN000089 Core i7 RTX 4050,MN000089,MN000089,MN000089,unknown,unknown,Avell Storm 450; Avell Storm i7-13620H RTX 4050; MN000089,Intel,Core i7-13620H,13ª Geração (Raptor Lake),16,DDR5 5200MHz,512,SSD M.2 NVMe PCIe Gen4,NVIDIA GeForce RTX 4050 6GB GDDR6 (140W TGP),15.6,1920x1080,FHD WVA 165Hz antirreflexo 100% sRGB (300 nits),TRUE,Wi-Fi 6 (802.11ax Intel AX201),TRUE,Gamer de membrana com numérico,TRUE,RGB,TRUE,TRUE,Windows 11 Home,6899.0,novo,Avell Brasil / Qual Notebook Comprar / KaBuM!,618647,https://quenotebookcomprar.com.br/avell-storm-450-mn000089/,Avell Storm 450 MN000089 Core i7 | RTX 4050 | FHD WVA 165 Hz 100% sRGB,Avell Storm 450 MN000089,"Intel Core i7-13620H (10 núcleos / 16 threads até 4.90 GHz, 24MB cache)","15,6″ Full HD (1920 x 1080 px) WVA 165 Hz 300 nits 100% sRGB",Intel Wi-Fi 6 AX201 802.11ax Dual Band + Bluetooth 5.2,Membrana com layout ABNT2 retroiluminado RGB e teclado numérico integrado,https://quenotebookcomprar.com.br/avell-storm-450-mn000089/ | https://www.kabum.com.br/produto/618647/notebook-gamer-avell-storm-450-intel-i7-13620h-rtx-4050-6gb-16-gb-ddr5-ssd-512-gb-windows-11-home,completed,2026-08-26T18:43:05-03:00,2026-08-26T18:43:05-03:00
APP-MBA15-M2-MQKR3BZ/A,Apple,MacBook Air,MacBook Air 15,"MacBook Air 15 (M2, 2023)",Apple MacBook Air 15 M2 MQKR3BZ/A,MQKR3BZ/A,MQKR3BZ/A,MQKR3BZ/A,194253713845,194253713845,MacBook Air 15 M2; Apple MacBook Air 15 MQKR3; MacBook Air 15 A2941,Apple,Apple M2 (8-core),Apple Silicon M2,8,LPDDR5 6400MHz Unificada,256,SSD PCIe Integrado,Apple M2 10-Core GPU,15.3,2880x1864,Liquid Retina LED IPS 500 nits Wide Color (P3),TRUE,Wi-Fi 6 (802.11ax),TRUE,Magic Keyboard com Touch ID,TRUE,Branco,FALSE,FALSE,macOS,8999.0,novo,Apple Brasil / Qual Notebook Comprar,MQKR3BZ/A,https://quenotebookcomprar.com.br/apple-macbook-m2/,Apple MacBook Air 15 M2 8-core CPU 10-core GPU 8GB RAM 256GB SSD Prata MQKR3BZ/A,"MacBook Air 15"" A2941 MQKR3BZ/A","Apple M2 (CPU de 8 núcleos: 4 de desempenho e 4 de eficiência, Neural Engine 16 núcleos)","Tela Liquid Retina de 15,3 polegadas retroiluminada por LED com tecnologia IPS (2880 x 1864) 500 nits True Tone P3",Rede Wi-Fi 6 802.11ax compatível com IEEE 802.11a/b/g/n/ac + Bluetooth 5.3,Magic Keyboard retroiluminado com sensor Touch ID (layout US internacional),https://quenotebookcomprar.com.br/apple-macbook-m2/,completed,2026-08-26T18:43:05-03:00,2026-08-26T18:43:05-03:00
POS-VIS-C14-3003006,Positivo,Vision,Vision C14,Vision C14 3003006,Positivo Vision C14 3003006 Celeron N4500,3003006,3003006,3003006,7908068814726,7908068814726,Positivo Vision C14; Vision C14 N4500; Vision C4128A-14,Intel,Celeron N4500,Jasper Lake (Dual Core),8,LPDDR4X,128,eMMC 5.1 (com slot M.2/SATA disponível),Intel UHD Graphics (16 EUs),14.1,1366x768,LED HD antirreflexo,FALSE,Wi-Fi 5 (802.11ac dual-band),TRUE,Membrana com Lumina Bar e Tecla Link,FALSE,,FALSE,TRUE,Windows 11 Home,1599.0,novo,Positivo Brasil / KaBuM!,3003006,https://loja.meupositivo.com.br/notebook-positivo-vision-c14-lumina-bar-intel-celeron-n4500-8gb-128gb-emmc-14-hd-windows-11-tecla-link-cinza-3003006/p,Notebook Positivo Vision C14 Intel Celeron N4500 Windows 11 Home 8GB RAM 128GB eMMC 14.1 HD Lumina BAR Tecla Link Cinza 3003006,Vision C14 3003006,"Intel Celeron N4500 (2 núcleos / 2 threads até 2.80 GHz, 4MB cache)","14.1"" HD (1366 x 768) LED Antirreflexo",Wi-Fi 802.11ac (Dual Band 2.4GHz / 5GHz) + Bluetooth 5.0,"Português-Brasil ABNT2, com Tecla Link de atalho e iluminação Lumina Bar na webcam",https://loja.meupositivo.com.br/notebook-positivo-vision-c14-lumina-bar-intel-celeron-n4500-8gb-128gb-emmc-14-hd-windows-11-tecla-link-cinza-3003006/p,completed,2026-08-26T18:43:05-03:00,2026-08-26T18:43:05-03:00
HP-VIC15-15-FA1093DX,HP,Victus,Victus 15,15-fa1093dx,HP Victus 15 15-fa1093dx i5 RTX 3050,15-fa1093dx,15-fa1093dx,7N3S2UA,197192257852,197192257852,HP Victus 15; Victus 15-fa; HP Victus i5-13420H RTX 3050; 7N3S2UA,Intel,Core i5-13420H,13ª Geração (Raptor Lake),8,DDR4 3200MHz,512,SSD M.2 PCIe NVMe,NVIDIA GeForce RTX 3050 6GB GDDR6,15.6,1920x1080,"IPS Full HD 144Hz antirreflexo (250 nits, 45% NTSC)",TRUE,Wi-Fi 6 (MediaTek MT7921 / Intel AX201 802.11ax),TRUE,Gamer com teclado numérico,TRUE,Branco,TRUE,FALSE,Windows 11 Home,4799.0,novo,HP / KaBuM! / Mercado Livre Brasil,909513,https://www.kabum.com.br/produto/909513/hp-victus-15-intel-core-i7-13620h-rtx-5060-tela-15-ips-fhd-ssd-1tb-nvme-ram-16gb,Notebook Gamer HP Victus 15 15.6 FHD 144Hz i5-13420H 8GB 512GB SSD RTX 3050 6GB Win 11,HP Victus 15-fa1093dx (7N3S2UA),"Intel Core i5-13420H (8 núcleos / 12 threads até 4.60 GHz, 12MB cache)","15.6"" diagonal, FHD (1920 x 1080), 144 Hz, 9 ms response time, IPS, micro-edge, anti-glare, 250 nits",Wi-Fi 6 (2x2) and Bluetooth 5.3 wireless card,"Full-size, backlit keyboard with numeric keypad (US layout)",https://www.kabum.com.br/produto/909513/hp-victus-15-intel-core-i7-13620h-rtx-5060-tela-15-ips-fhd-ssd-1tb-nvme-ram-16gb,completed,2026-08-26T18:43:05-03:00,2026-08-26T18:43:05-03:00
LEN-TP-P16SG2-21HK,Lenovo,ThinkPad,ThinkPad P16s,P16s Gen 2 (Intel),Lenovo ThinkPad P16s Gen 2 21HK,21HK,21HK006CUK,21HK006CUK,unknown,unknown,Lenovo ThinkPad P16s Gen 2; ThinkPad P16s 21HK; ThinkPad P16s i7-1370P RTX A500,Intel,Core i7-1370P,13ª Geração (Raptor Lake),32,LPDDR5x 6400MHz,1024,SSD M.2 PCIe 4.0 NVMe,NVIDIA RTX A500 4GB GDDR6,16.0,1920x1200,IPS 400 nits antirreflexo 100% sRGB Low Power,TRUE,Wi-Fi 6E (Intel AX211 802.11ax 2x2),TRUE,ThinkPad Precision com teclado numérico,TRUE,Branco,TRUE,TRUE,Windows 11 Pro,11499.00,novo,Lenovo Brasil / PSREF,21HK,https://psref.lenovo.com/Product/ThinkPad/ThinkPad_P16s_Gen_2_Intel?MT=21HK,Lenovo ThinkPad P16s Gen 2 Intel Core i7-1370P 32GB 1TB SSD RTX A500 16 WUXGA IPS Win 11 Pro,ThinkPad P16s Gen 2 Type 21HK,Intel Core i7-1370P (14 núcleos / 20 threads até 5.20 GHz),"16"" WUXGA (1920x1200) IPS 400nits Anti-glare, 100% sRGB, Low Power","Intel Wi-Fi 6E AX211, 11ax 2x2 + BT5.1",Layout ABNT2 retroiluminado com teclado numérico resistente a derramamento,https://psref.lenovo.com/Product/ThinkPad/ThinkPad_P16s_Gen_2_Intel?MT=21HK,completed,2026-08-26T19:20:14-03:00,2026-08-26T19:20:14-03:00
DEL-LAT-5440-I51335U,Dell,Latitude,Latitude 5000,Latitude 5440,Dell Latitude 5440 Intel Core i5-1335U,Latitude 5440,MLB57383412,210-BFRW,unknown,unknown,Dell Latitude 5440; Latitude 14 5440; Latitude i5-1335U,Intel,Core i5-1335U,13ª Geração (Raptor Lake),16,DDR5 4800MHz,512,SSD PCIe NVMe M.2 Class 35,Intel Iris Xe Graphics,14.0,1920x1080,FHD WVA/IPS 250 nits antirreflexo ComfortView,TRUE,Wi-Fi 6E (Intel AX211 802.11ax 2x2),TRUE,Membrana Corporativo,TRUE,Branco,FALSE,TRUE,Windows 11 Pro,6390.00,novo,Dell Brasil / Mercado Livre,MLB57383412,https://www.mercadolivre.com.br/notebook-dell-14-latitude-5440-i5-1335u-8gb-ram-256gb-w11p-cor-cinza/p/MLB57383412,Notebook Dell 14 Latitude 5440 i5-1335U 16gb Ram 512gb W11p cor cinza,Latitude 5440,Intel Core i5-1335U (10 núcleos / 12 threads até 4.60 GHz),"14.0"" FHD (1920 x 1080) Non-Touch, AG, IPS/WVA, 250 nits","Intel Wi-Fi 6E AX211, 2x2, 802.11ax + Bluetooth",Teclado ABNT2 em português retroiluminado sem teclado numérico,https://www.mercadolivre.com.br/notebook-dell-14-latitude-5440-i5-1335u-8gb-ram-256gb-w11p-cor-cinza/p/MLB57383412 ; https://www.dell.com/en-us/shop/dell-laptops/latitude-5440-laptop/spd/latitude-14-5440-laptop,completed,2026-08-26T19:20:14-03:00,2026-08-26T19:20:14-03:00
ASU-ROG-GU605MI-G16U94070,ASUS,ROG,ROG Zephyrus,ROG Zephyrus G16 GU605MI,ASUS ROG Zephyrus G16 GU605MI-G16.U94070,GU605MI-G16.U94070,MLB37168304,GU605MI-QR064W,unknown,unknown,ASUS ROG Zephyrus G16 (2024); Zephyrus GU605MI; Zephyrus Ultra 9 RTX 4070,Intel,Core Ultra 9 185H,Intel Core Ultra Série 1 (Meteor Lake),16,LPDDR5X 7467MHz,1024,SSD M.2 PCIe 4.0 NVMe,NVIDIA GeForce RTX 4070 8GB GDDR6 (115W TGP),16.0,2560x1600,OLED ROG Nebula Display 2.5K 240Hz 500 nits 100% DCI-P3 (similar IPS),TRUE,Wi-Fi 6E (802.11ax Triple Band 2x2),TRUE,Chiclet Gamer 1-Zone RGB,TRUE,RGB,FALSE,FALSE,Windows 11 Home,16724.00,novo,ASUS Brasil / Mercado Livre / Amazon,MLB37168304,https://www.mercadolivre.com.br/asus-rog-zephyrus-g16-rtx-4070-1-tb-cinza-escuro/p/MLB37168304,"Laptop para jogos ASUS ROG Zephyrus G16 GU605MI 2024, Intel Ultra 9 185H, 16GB 1TB SSD, RTX 4070 8GB, WIN11, OLED 16 2.5K 240Hz",ROG Zephyrus G16 GU605MI,"Intel Core Ultra 9 185H (16 núcleos / 22 threads até 5.10 GHz, Intel AI Boost NPU)","16"" 2.5K (2560 x 1600, WQXGA) 16:10 240Hz OLED 500nits DCI-P3 100%",Wi-Fi 6E(802.11ax) (Triple band) 2*2 + Bluetooth 5.3,Teclado Chiclet retroiluminado RGB 1-Zone sem teclado numérico,https://www.mercadolivre.com.br/asus-rog-zephyrus-g16-rtx-4070-1-tb-cinza-escuro/p/MLB37168304 ; https://www.tudocelular.com/Asus/noticias/n232163/asus-rog-zephyrus-g16-analise-review.html,completed,2026-08-26T19:20:14-03:00,2026-08-26T19:20:14-03:00
APP-MBA13-M3-MRXN3BZ/A,Apple,MacBook Air,MacBook Air 13,"MacBook Air 13 (M3, 2024)",Apple MacBook Air 13 M3 MRXN3BZ/A,MRXN3BZ/A,MRXN3BZ/A,MRXN3BZ/A,195949126789,195949126789,MacBook Air M3; Apple MacBook Air 13 MRXN3; MacBook Air 2024 M3 A3113,Apple,Apple M3 (8-core),Apple Silicon M3,8,LPDDR5 Unificada,256,SSD PCIe Integrado,Apple M3 8-Core GPU,13.6,2560x1664,Liquid Retina LED IPS 500 nits Wide Color (P3) True Tone,TRUE,Wi-Fi 6E (802.11ax),TRUE,Magic Keyboard com Touch ID,TRUE,Branco,FALSE,FALSE,macOS,8999.00,novo,Apple Brasil / KaBuM!,MRXN3BZ/A,https://www.tudocelular.com/mercado/noticias/n221974/apple-comercial-macbook-bateria-desempenho.html,"MacBook Air Apple 13"", M3, CPU de 8 Núcleos, GPU de 8 Núcleos, 8GB RAM, SSD 256GB, Cinza Espacial - MRXN3BZ/A","MacBook Air 13"" A3113 MRXN3BZ/A","Apple M3 (CPU de 8 núcleos com 4 de desempenho e 4 de eficiência, Neural Engine 16 núcleos)","Tela Liquid Retina de 13,6 polegadas retroiluminada por LED com tecnologia IPS (2560 x 1664) 500 nits",Rede Wi-Fi 6E 802.11ax + Bluetooth 5.3,Magic Keyboard retroiluminado com sensor Touch ID (layout US internacional),https://www.tudocelular.com/mercado/noticias/n221974/apple-comercial-macbook-bateria-desempenho.html ; https://www.nextcomputer.com.br/macbook-air-2024-m3-8gb-256gb-136-todas-as-cores-prata-space-gray-starlight-midnight-a3113,completed,2026-08-26T19:20:14-03:00,2026-08-26T19:20:14-03:00
LEN-SLIM3-83NS0001BR,Lenovo,IdeaPad,IdeaPad Slim 3,IdeaPad Slim 3i 15.3 (Gen 10),Lenovo IdeaPad Slim 3i 15.3 83NS0001BR,83NS0001BR,83NS0001BR,83NS0001BR,unknown,unknown,Lenovo IdeaPad Slim 3i; IdeaPad Slim 3 15.3; Lenovo 83NS; Slim 3i i5-13420H,Intel,Core i5-13420H,13ª Geração (Raptor Lake),16,DDR5 4800MHz,512,SSD M.2 2242 PCIe Gen4 NVMe,Intel UHD Graphics Xe G4 (48 EUs),15.3,1920x1200,WUXGA WVA/IPS 300 nits antirreflexo 16:10 45% NTSC,TRUE,Wi-Fi 6 (802.11ax 2x2),TRUE,Membrana com teclado numérico,FALSE,,TRUE,TRUE,Windows 11 Home,4610.00,novo,Lenovo Brasil / Qual Notebook Comprar,83NS0001BR,https://www.lenovo.com/br/pt/p/laptops/ideapad/ideapad-s-series/lenovo-ideapad-slim-3i-gen-10-15-inch-intel/83ns0001br,"IdeaPad Slim 3i Intel Core i5-13420H 16GB 512GB SSD Windows 11 Home 15.3"" WUXGA",IdeaPad Slim 3i Gen 10 83NS0001BR,"Intel Core i5-13420H de 13ª geração (até 4.60 GHz, 12MB cache)","15,3"" WUXGA (1920 x 1200), WVA/IPS, antirreflexo, sem toque, 45% NTSC, 300 nits, 60 Hz",Wi-Fi 6 2x2 AX & Bluetooth 5.3,Layout ABNT2 em português com teclado numérico dedicado,https://www.lenovo.com/br/pt/p/laptops/ideapad/ideapad-s-series/lenovo-ideapad-slim-3i-gen-10-15-inch-intel/83ns0001br ; https://quenotebookcomprar.com.br/lenovo-ideapad-slim-3i-83ns0001br/,completed,2026-08-26T19:20:14-03:00,2026-08-26T19:20:14-03:00
LEN-TB14-21NQA07EBR,Lenovo,ThinkBook,ThinkBook 14,ThinkBook 14 Gen 6 (Intel),Lenovo ThinkBook 14 Gen 6 21NQA07EBR,21NQA07EBR,21NQA07EBR,21NQA07EBR,unknown,unknown,Lenovo ThinkBook 14 G6; ThinkBook 14 21NQ; ThinkBook 14 i5-13420H,Intel,Core i5-13420H,13ª Geração (Raptor Lake),16,DDR5 5200MHz,512,SSD M.2 PCIe NVMe,Intel UHD Graphics Xe G4 (48 EUs),14.0,1920x1200,LED IPS 300 nits antirreflexo WUXGA (16:10),TRUE,Wi-Fi 6 (802.11ax 2x2),TRUE,Membrana Corporativo,TRUE,Branco,FALSE,TRUE,Sem SO / FreeDOS,3899.00,novo,Lenovo Brasil / Qual Notebook Comprar,21NQA07EBR,https://quenotebookcomprar.com.br/lenovo-thinkbook-14-21nqa07ebr/,Lenovo ThinkBook 14 21NQA07EBR Core i5 | SSD 512 GB | IPS,ThinkBook 14 21NQA07EBR,Intel Core i5-13420H de 13ª geração (8 núcleos / 12 threads até 4.60 GHz),"14,0″ polegadas com resolução WUXGA (1920 x 1200 px) IPS 300 nits 16:10",Wi-Fi 6 (802.11ax) + Bluetooth 5.2,Layout ABNT2 retroiluminado na cor branca sem teclado numérico,https://quenotebookcomprar.com.br/lenovo-thinkbook-14-21nqa07ebr/,completed,2026-08-26T19:20:14-03:00,2026-08-26T19:20:14-03:00
ACE-NITRO5-AN515-58-54UH,Acer,Nitro,Nitro 5,Nitro 5 AN515-58,Acer Nitro 5 AN515-58-54UH,AN515-58-54UH,459635,NH.QFZAL.001,4711121539909,4711121539909,Acer Nitro 5 AN515-58; Nitro 5 i5-12450H RTX 3050; AN515-58,Intel,Core i5-12450H,12ª Geração (Alder Lake),8,DDR4 3200MHz,512,SSD M.2 2280 PCIe 4.0 NVMe x4,NVIDIA GeForce RTX 3050 4GB GDDR6 (60W TGP),15.6,1920x1080,LED IPS 144Hz 250 nits antirreflexo (800:1 contraste),TRUE,Killer Wi-Fi 6 1650i (802.11ax 2x2),TRUE,Membrana Gamer com teclado numérico,TRUE,Vermelho,TRUE,TRUE,Windows 11 Home,4599.00,novo,Acer Brasil / KaBuM! / Qual Notebook Comprar,459635,https://www.kabum.com.br/produto/459635/notebook-gamer-acer-nitro-5-intel-core-i5-12450h-8gb-ram-geforce-rtx3050-ssd-512gb-15-6-fhd-win11-home-preto-an515-58-54uh,"Notebook Gamer Acer NITRO 5 Intel Core i5-12450H, 8GB RAM, GeForce RTX3050, SSD 512GB, 15.6"" FHD, Win11 Home, Preto - AN515-58-54UH",Nitro 5 AN515-58-54UH,"Intel Core i5-12450H (8 núcleos / 12 threads até 4.40 GHz, 12MB cache)","15.6"" Full HD (1920 x 1080) LED IPS 144 Hz 250 nits",Killer Wi-Fi 1650i 802.11 a/b/g/n/ac R2+ ax wireless,Membrana em português do Brasil padrão (ABNT2) retroiluminado na cor vermelha com numérico,https://www.kabum.com.br/produto/459635/notebook-gamer-acer-nitro-5-intel-core-i5-12450h-8gb-ram-geforce-rtx3050-ssd-512gb-15-6-fhd-win11-home-preto-an515-58-54uh ; https://quenotebookcomprar.com.br/acer-aspire-nitro-5-an515-58-54uh/,completed,2026-08-26T19:20:14-03:00,2026-08-26T19:20:14-03:00
ACE-ASP5-A515-45-R74N,Acer,Aspire,Aspire 5,Aspire 5 A515-45,Acer Aspire 5 A515-45-R74N,NX.A80AL.006,A515-45-R74N,A515-45-R74N,unknown,unknown,Acer Aspire 5 A515-45; Aspire 5 Ryzen 7 5700U 16GB; A515-45-R74N,AMD,Ryzen 7 5700U,Série 5000 (Lucienne),16,DDR4 3200MHz,512,SSD M.2 NVMe PCIe,AMD Radeon RX Vega 8,15.6,1920x1080,LED IPS Full HD 250 nits antirreflexo (800:1 contraste),TRUE,Wi-Fi 6 (802.11ax 2x2),TRUE,Membrana com teclado numérico,FALSE,,TRUE,TRUE,Linux,2999.00,novo,Acer Brasil / Qual Notebook Comprar,A515-45-R74N,https://quenotebookcomprar.com.br/acer-aspire-5-a515-45-r74n/,Acer Aspire 5 A515-45-R74N Ryzen 7 | RX Vega 8 | FHD IPS,Aspire 5 A515-45-R74N,"AMD Ryzen 7 5700U (8 núcleos / 16 threads até 4.30 GHz, 8MB cache)","15,6″ polegadas com resolução Full HD (1920 x 1080 px) em painel do tipo IPS 250 nits",Wi-Fi 6 802.11ax dual band + Bluetooth 5.1,Layout ABNT2 em português com teclado numérico dedicado,https://quenotebookcomprar.com.br/acer-aspire-5-a515-45-r74n/,completed,2026-08-26T19:20:14-03:00,2026-08-26T19:20:14-03:00
ACE-ASP5-A515-57-76MR,Acer,Aspire,Aspire 5,Aspire 5 A515-57,Acer Aspire 5 A515-57-76MR,NX.KN5AL.001,A515-57-76MR,A515-57-76MR,unknown,unknown,Acer Aspire 5 A515-57; Aspire 5 i7-12650H 512GB; A515-57-76MR,Intel,Core i7-12650H,12ª Geração (Alder Lake),8,DDR4 3200MHz,512,SSD M.2 PCIe 4.0 NVMe x4,Intel UHD Graphics Xe G4 (64 EUs),15.6,1920x1080,"LED Full HD TN antirreflexo (220 nits, 400:1 contraste)",FALSE,Wi-Fi 6 (802.11ax 2x2),TRUE,Membrana com teclado numérico,FALSE,,TRUE,TRUE,Windows 11 Home,3699.00,novo,Acer Brasil / Qual Notebook Comprar,A515-57-76MR,https://quenotebookcomprar.com.br/acer-aspire-5-a515-57-76mr/,Acer Aspire 5 A515-57-76MR Core i7 | RAM 8 GB | SSD 512 GB,Aspire 5 A515-57-76MR,"Intel Core i7-12650H (10 núcleos / 16 threads até 4.70 GHz, 24MB cache)","15,6″ polegadas com resolução Full HD (1920 x 1080 px) no painel tipo TN antirreflexo 220 nits",Wi-Fi 6 802.11ax Dual Band + Bluetooth 5.2,Layout ABNT2 com teclado numérico dedicado,https://quenotebookcomprar.com.br/acer-aspire-5-a515-57-76mr/,completed,2026-08-26T19:20:14-03:00,2026-08-26T19:20:14-03:00
SAM-GB4-360-NP750QGK-KG2BR,Samsung,Galaxy Book,Galaxy Book4 360,Galaxy Book4 360 NP750QGK,Samsung Galaxy Book4 360 NP750QGK-KG2BR,NP750QGK-KG2BR,NP750QGK-KG2BR,NP750QGK-KG2BR,unknown,unknown,Samsung Galaxy Book4 360; Book4 360 Core 5; NP750QGK-KG2,Intel,Core 5 120U,Intel Core Série 1 (Raptor Lake Refresh),16,LPDDR5,512,SSD NVMe M.2,Intel Iris Xe Graphics G7 (80 EUs),15.6,1920x1080,Super AMOLED Touchscreen FHD 400 nits 120% DCI-P3 (similar IPS),TRUE,Wi-Fi 6 (802.11ax 2x2),TRUE,Pro com leitor biométrico e teclado numérico,TRUE,Branco,TRUE,TRUE,Windows 11 Home,5999.00,novo,Samsung Brasil / Qual Notebook Comprar,NP750QGK-KG2BR,https://www.samsung.com/br/computers/samsung-book/galaxy-book4-360-15-6-inch-core-5-16gb-512gb-np750qgk-kg2br/,"Notebook Samsung Galaxy Book4 360, Windows 11 Home, Intel Core 5, 16GB, 512GB SSD, 15.6'' Full HD AMOLED - NP750QGK-KG2BR",Galaxy Book4 360 NP750QGK-KG2BR,"Intel Core 5 Processor 120U (10 núcleos / 12 threads até 5.0 GHz, 12MB cache)","15.6"" Full HD (1920 x 1080) Super AMOLED Touch Screen com suporte a S Pen",Wi-Fi 6 (802.11ax) + Bluetooth 5.3,Layout ABNT2 retroiluminado na cor branca com teclado numérico integrado,https://www.samsung.com/br/computers/samsung-book/galaxy-book4-360-15-6-inch-core-5-16gb-512gb-np750qgk-kg2br/ ; https://quenotebookcomprar.com.br/samsung-galaxy-book4-360-np750qgk-kg2br/,completed,2026-08-26T19:20:14-03:00,2026-08-26T19:20:14-03:00
GIG-G5-KF-E3BR313SH,Gigabyte,G5,G5 KF,G5 KF,Gigabyte G5 KF G5-KF-E3BR313SH,G5-KF-E3BR313SH,484396,G5 KF-E3BR313SH,unknown,unknown,Gigabyte G5 KF; Gigabyte G5 i5-12500H RTX 4060; G5 KF,Intel,Core i5-12500H,12ª Geração (Alder Lake),16,DDR4 3200MHz,512,SSD M.2 PCIe NVMe Gen4,NVIDIA GeForce RTX 4060 8GB GDDR6 (75W TGP),15.6,1920x1080,LED IPS-level Full HD 144Hz antirreflexo,TRUE,Wi-Fi 6E (802.11ax Intel AX211),TRUE,Gamer com teclado numérico,TRUE,RGB 15 Cores,TRUE,TRUE,Windows 11 Home,5499.00,novo,Gigabyte Brasil / KaBuM! / Qual Notebook Comprar,484396,https://www.kabum.com.br/produto/484396/notebook-gamer-gigabyte-g5-kf-intel-core-i5-12500h-16gb-ram-rtx-4060-512gb-ssd-15-6-win11-home-preto-g5-kf-e3br313sh,"Notebook Gamer Gigabyte G5 KF Intel Core i5-12500H, 16GB RAM, RTX 4060, 512GB SSD, 15.6"", Win11 Home, Preto - G5 KF-E3BR313SH",Gigabyte G5 KF-E3BR313SH,"Intel Core i5-12500H (12 núcleos / 16 threads até 4.50 GHz, 18MB cache)","15.6"" FHD 144Hz Display IPS-level antirreflexo",Intel Wi-Fi 6E (802.11ax) + Bluetooth 5.2,Layout ABNT2 retroiluminado com 15 opções de cores e teclado numérico,https://www.kabum.com.br/produto/484396/notebook-gamer-gigabyte-g5-kf-intel-core-i5-12500h-16gb-ram-rtx-4060-512gb-ssd-15-6-win11-home-preto-g5-kf-e3br313sh ; https://quenotebookcomprar.com.br/gigabyte-g5-kf-e3br313sh/,completed,2026-08-26T19:20:14-03:00,2026-08-26T19:20:14-03:00
AVL-BON147-MN000112,Avell,B.On,B.On 147,B.On 147,Avell B.On 147 MN000112,MN000112,MN000112,MN000112,unknown,unknown,Avell B.On 147; Avell B.On i7-1255U; B.ON 147 Gray,Intel,Core i7-1255U,12ª Geração (Alder Lake),8,DDR4 3200MHz,256,SSD M.2 NVMe PCIe,Intel Iris Xe Graphics G7 (96 EUs),14.0,1920x1200,LED WVA/IPS WUXGA 300 nits antirreflexo (16:10),TRUE,Wi-Fi 6 (802.11ax dual-band),TRUE,Membrana Ultrafino,TRUE,Branco,FALSE,TRUE,Sem SO / FreeDOS,3899.00,novo,Avell Brasil / Qual Notebook Comprar,MN000112,https://quenotebookcomprar.com.br/avell-b-on-147-mn000112/,Avell B.On 147 MN000112 Core i7 | RAM 8 GB | SSD 256 GB,Avell B.On 147 MN000112,"Intel Core i7-1255U (10 núcleos / 12 threads até 4.70 GHz, 12MB cache)","14,0″ WUXGA (1920 x 1200 px) em painel tipo WVA/IPS 300 nits",Wi-Fi 6 802.11ax dual-band + Bluetooth 5.2,Layout ABNT2 retroiluminado na cor branca sem teclado numérico,https://quenotebookcomprar.com.br/avell-b-on-147-mn000112/ ; https://avell.com.br/bon-147,completed,2026-08-26T19:20:14-03:00,2026-08-26T19:20:14-03:00
HP-DFLY-G4-940B4LA,HP,Dragonfly,Elite Dragonfly,Dragonfly G4,HP Elite Dragonfly G4 940B4LA,940B4LA,940B4LA#AK4,940B4LA,unknown,unknown,HP Dragonfly G4; HP Elite Dragonfly G4; Dragonfly G4 i5-1335U,Intel,Core i5-1335U,13ª Geração (Raptor Lake),16,LPDDR5 6400MHz,512,SSD PCIe NVMe M.2,Intel Iris Xe Graphics,13.5,1920x1280,LED IPS WUXGA+ 400 nits antirreflexo 3:2 100% sRGB,TRUE,Wi-Fi 6E (Intel AX211 802.11ax 2x2),TRUE,HP Premium resistente a líquidos,TRUE,Branco,FALSE,TRUE,Windows 11 Pro,11999.00,novo,HP Brasil Loja Oficial,940B4LA,https://www.hp.com/br-pt/shop/elite-hp-dragonfly-g4-940b4la.html,"Notebook HP Dragonfly G4, 13.5"", Intel Core i5, Windows 11 Pro, 16GB RAM, 512GB SSD, WUXGA - 940B4LA",HP Elite Dragonfly G4 (940B4LA),"Intel Core i5-1335U (10 núcleos / 12 threads até 4.60 GHz, 12MB cache)","13.5"" WUXGA+ (1920 x 1280) IPS, antirreflexo, 400 nits, 100% sRGB, proporção 3:2",Intel Wi-Fi 6E AX211 (2x2) e Bluetooth 5.3,Teclado HP Premium retroiluminado resistente a derramamentos em padrão ABNT2,https://www.hp.com/br-pt/shop/elite-hp-dragonfly-g4-940b4la.html ; https://www.hp.com/br-pt/tech-takes/notebooks/avaliacao/review-notebook-dragonfly-g4.html,completed,2026-08-26T19:20:14-03:00,2026-08-26T19:20:14-03:00
LEN-TB16-21NR000HBR,Lenovo,ThinkBook,ThinkBook 16,ThinkBook 16 G6 IRL,Lenovo ThinkBook 16 G6 IRL 21NR000HBR,21NR000HBR,21NR000HBR,21NR000HBR,unknown,unknown,Lenovo ThinkBook 16 G6; ThinkBook 16 Gen 6; ThinkBook 21NR; ThinkBook i5-13420H,Intel,Core i5-13420H,13ª Geração,16,DDR5 5200MHz,512,SSD PCIe NVMe M.2,Intel UHD Graphics,16.0,1920x1200,IPS 300 nits antirreflexo WUXGA (16:10),TRUE,Wi-Fi 6 (802.11ax 2x2),TRUE,Membrana com numérico,TRUE,Branco,TRUE,TRUE,Windows 11 Pro,4999.00,novo,Lenovo Brasil / PSREF,21NR000HBR,https://psref.lenovo.com/product/ThinkBook/ThinkBook_16_G6_IRL,"Lenovo ThinkBook 16 G6 IRL 21NR000HBR Core i5-13420H 16GB 512GB SSD 16"" WUXGA IPS Win 11 Pro",ThinkBook 16 G6 IRL 21NR000HBR,Intel Core i5-13420H (8C / 12T até 4.6GHz),"16"" WUXGA (1920x1200) IPS 300nits Anti-glare, 45% NTSC 16:10","Wi-Fi 6, 802.11ax 2x2 + BT5.1",Layout ABNT2 retroiluminado com teclado numérico,https://psref.lenovo.com/product/ThinkBook/ThinkBook_16_G6_IRL,completed,2026-08-26T19:56:32-03:00,2026-08-26T19:56:32-03:00
DEL-INS-16P-7630-I713700H,Dell,Inspiron,Inspiron 16 Plus,Inspiron 16 Plus 7630,Dell Inspiron 16 Plus 7630 i16-7630 Intel Core i7-13700H RTX 4060,0P6HCW,i16-7630-M10P,7630-i713700h,unknown,unknown,Dell Inspiron 16 Plus 7630; Inspiron 7630 i7 RTX 4060; Inspiron 16 Plus,Intel,Core i7-13700H,13ª Geração,16,DDR5 4800MHz,1024,SSD PCIe NVMe M.2,NVIDIA GeForce RTX 4060 8GB GDDR6,16.0,2560x1600,2.5K WVA 300 nits antirreflexo ComfortView Plus (16:10),TRUE,Intel Wi-Fi 6E AX211 (802.11ax 2x2),TRUE,Chiclet com numérico,TRUE,Branco,TRUE,TRUE,Windows 11 Home,8499.00,novo,Dell Brasil / Compras Paraguai,4501171,https://www.comprasparaguai.com.br/notebook-dell-inspiron-16-plus-7630-16-intel-core-i7-13700h-16-gb-lpddr5-1-tb-ssd-prata__4501171/,"Notebook Dell Inspiron 16 Plus 7630 16"" 2.5K Intel Core i7-13700H 16GB DDR5 1TB SSD RTX 4060 8GB W11",Inspiron 16 Plus 7630,"13th Gen Intel Core i7-13700H (14 cores, 20 threads, up to 5.00 GHz)","16.0"" 16:10 2.5K (2560x1600) Anti-Glare Non-Touch 300nits WVA ComfortView Plus","Intel Wi-Fi 6E AX211, 2x2, 802.11ax, Bluetooth wireless card",Teclado ABNT2 retroiluminado com leitor biométrico e teclado numérico,https://www.comprasparaguai.com.br/notebook-dell-inspiron-16-plus-7630-16-intel-core-i7-13700h-16-gb-lpddr5-1-tb-ssd-prata__4501171/,completed,2026-08-26T19:56:32-03:00,2026-08-26T19:56:32-03:00
AVL-STORM560-MN000125,Avell,Storm,Storm 560,Storm 560 MN000125,Avell Storm 560 MN000125 Core i9-14900HX RTX 5060,MN000125,MN000125,MN000125,unknown,unknown,Avell Storm 560; Storm 560 i9 RTX 5060; MN000125,Intel,Core i9-14900HX,14ª Geração,32,DDR5 5600MHz,1024,SSD M.2 NVMe PCIe Gen4,NVIDIA GeForce RTX 5060 8GB GDDR7,16.0,2560x1600,WVA / IPS 180Hz (16:10),TRUE,Wi-Fi 6E (802.11ax),TRUE,Gamer Membrana com numérico,TRUE,RGB,TRUE,TRUE,Linux,9899.00,novo,Avell Brasil / Qual Notebook Comprar,MN000125,https://quenotebookcomprar.com.br/avell-storm-560-mn000125/,Avell Storm 560 MN000125 Core i9-14900HX 14ª geração GeForce RTX 5060 WVA 180Hz,Avell Storm 560 MN000125,Intel Core i9-14900HX (24 núcleos / 32 threads até 5.80 GHz),"16,0"" 16:10 WQXGA (2560 x 1600 px) WVA / IPS 180 Hz",Wi-Fi 6E 802.11ax dual-band 2.4GHz / 5GHz / 6GHz,Teclado ABNT2 com numérico retroiluminado RGB,https://quenotebookcomprar.com.br/avell-storm-560-mn000125/,completed,2026-08-26T19:56:32-03:00,2026-08-26T19:56:32-03:00
ACE-NITRO16-AN16-51-71WR,Acer,Nitro,Nitro 16,Nitro 5 AN16-51,Acer Aspire Nitro 5 AN16-51-71WR Intel Core i7-13700H RTX 4050,AN16-51-71WR,AN16-51-71WR,AN16-51-71WR,4711121519437,4711121519437,Acer Nitro 16 AN16-51; Nitro 16 i7 RTX 4050; AN16-51-71WR,Intel,Core i7-13700H,13ª Geração,16,DDR5 4800MHz,512,SSD NVMe Gen4 x4 M.2,NVIDIA GeForce RTX 4050 6GB GDDR6,16.0,1920x1200,"LED IPS 165Hz (400 nits, 100% sRGB, 16:10)",TRUE,Wi-Fi 6 (802.11ax),TRUE,Gamer com numérico,TRUE,RGB 4 Zonas,TRUE,TRUE,Windows 11 Home,6699.00,novo,Acer Brasil / Qual Notebook Comprar,AN16-51-71WR,https://quenotebookcomprar.com.br/acer-aspire-nitro-5-an16-51-71wr/,Acer Aspire Nitro 5 AN16-51-71WR Core i7 13700H 13ª geração GeForce RTX 4050 WUXGA IPS 165Hz,Nitro 5 AN16-51-71WR,Intel Core i7-13700H (14 núcleos / 20 threads até 5.00 GHz),"16:10 LED 16,0"" WUXGA (1920 x 1200 px) Painel IPS 165 Hz 400 nits 100% sRGB",Wi-Fi 6 (802.11ax) + Bluetooth 5.1,Teclado ABNT2 com numérico retroiluminado na cor RGB,https://quenotebookcomprar.com.br/acer-aspire-nitro-5-an16-51-71wr/,completed,2026-08-26T19:56:32-03:00,2026-08-26T19:56:32-03:00
ASU-VB-GO15-E1504FA-NJ731,ASUS,VivoBook,VivoBook Go 15,VivoBook Go 15 E1504FA,ASUS Vivobook Go 15 E1504FA-NJ731 AMD Ryzen 5 7520U,90NB0ZR2-M01CF0,E1504FA-NJ731,E1504FA-NJ731,7898573299654,7898573299654,ASUS Vivobook Go 15 E1504; Vivobook Go Ryzen 5 7520U; 90NB0ZR2-M01CF0,AMD,Ryzen 5 7520U,Série 7000 (Mendocino),8,LPDDR5 5500MHz,256,SSD PCIe NVMe M.2,AMD Radeon 610M Graphics,15.6,1920x1080,LED FHD nível IPS antirreflexo (250 nits),TRUE,Wi-Fi 5 (802.11ac dual-band),TRUE,Chiclet com numérico,FALSE,,TRUE,TRUE,Linux KeepOS,2499.00,novo,ASUS Brasil / Mercado Livre,MLB36772633,https://www.mercadolivre.com.br/notebook-asus-vivobook-go-15-e1504-amd-ryzen-5-7520u-8gb-ram-256gb-ssd-linux-keepos-156-fhd-black-e1504fa-nj731/p/MLB36772633,"Notebook ASUS Vivobook Go 15 E1504 AMD RYZEN 5 7520U 8GB Ram 256GB SSD Linux KeepOS 15,6” FHD Black E1504FA-NJ731",VivoBook Go 15 E1504FA-NJ731,AMD Ryzen 5 7520U (4 núcleos / 8 threads até 4.3 GHz),"15,60"" LED-backlit Anti-Glare Full HD (1920x1080) nível IPS",Wi-Fi 5 (802.11ac) Dual Band 1x1 + Bluetooth 5.1,Layout ABNT2 com teclado numérico integrado,https://www.mercadolivre.com.br/notebook-asus-vivobook-go-15-e1504-amd-ryzen-5-7520u-8gb-ram-256gb-ssd-linux-keepos-156-fhd-black-e1504fa-nj731/p/MLB36772633,completed,2026-08-26T19:56:32-03:00,2026-08-26T19:56:32-03:00
DEL-LAT-3440-I51335U,Dell,Latitude,Latitude 3000,Latitude 3440,Dell Latitude 3440 Intel Core i5-1335U FHD IPS,Latitude 3440,Latitude 3440,Latitude 3440,unknown,unknown,Dell Latitude 3440; Latitude 14 3440; Latitude i5-1335U,Intel,Core i5-1335U,13ª Geração,16,DDR4 3200MHz,256,SSD M.2 PCIe NVMe,Intel Iris Xe Graphics,14.0,1920x1080,Full HD WVA / IPS 250 nits antirreflexo,TRUE,Wi-Fi 6E (802.11ax),TRUE,Chiclet corporativo,TRUE,Branco,FALSE,TRUE,Windows 11 Pro,4290.00,novo,Dell Brasil / Mercado Livre,MLB42523779,https://www.dell.com/pt-br/shop/notebooks-dell/notebook-latitude-3440/spd/latitude-14-3440-laptop,"Notebook Dell Latitude 3440 14"" FHD IPS Intel Core i5-1335U 16GB RAM 256GB SSD Win 11 Pro",Latitude 14 3440,"13th Gen Intel Core i5-1335U (10 cores, 12 threads, up to 4.60 GHz)","14"" FHD 1920 x 1080, 60 Hz, anti-glare, non-touch, 45% NTSC, 250 nits WVA / IPS","Intel Wi-Fi 6E AX211, 2x2, 802.11ax + Bluetooth 5.3",Layout ABNT2 em português retroiluminado,https://www.dell.com/pt-br/shop/notebooks-dell/notebook-latitude-3440/spd/latitude-14-3440-laptop,completed,2026-08-26T19:56:32-03:00,2026-08-26T19:56:32-03:00
APP-MBP16-M3PRO-MRW13BZ/A,Apple,MacBook Pro,MacBook Pro 16,"MacBook Pro 16 (M3 Pro, 2023)",Apple MacBook Pro 16 M3 Pro MRW13BZ/A Preto Espacial,MRW13BZ/A,MRW13BZ/A,MRW13BZ/A,195949073830,195949073830,MacBook Pro 16 M3 Pro; Apple MacBook Pro 16 MRW13; MacBook Pro M3 Pro A2991,Apple,Apple M3 Pro (12-core),Apple Silicon M3 Pro,18,LPDDR5 Unificada 150GB/s,512,SSD PCIe Integrado,Apple M3 Pro 18-Core GPU,16.2,3456x2234,Liquid Retina XDR Mini-LED IPS (120Hz ProMotion),TRUE,Wi-Fi 6E (802.11ax),TRUE,Magic Keyboard,TRUE,Branco,FALSE,FALSE,macOS,21990.00,novo,Apple Brasil / Next Computer,MRW13BZ/A,https://www.nextcomputer.com.br/macbook-pro-16-m3-pro-18gb-ram-512-gb-preto-black-a2991-mrw13bza,MacBook Pro 16.2 M3 Pro 18GB RAM 512 GB Preto Black A2991 MRW13BZ/A,"MacBook Pro 16"" A2991 MRW13BZ/A",Apple M3 Pro (CPU de 12 núcleos com 6 de desempenho e 6 de eficiência),"Tela Liquid Retina XDR de 16,2 polegadas Mini-LED IPS (3456 x 2234) ProMotion até 120 Hz",Wi-Fi 6E (802.11ax) + Bluetooth 5.3,Magic Keyboard retroiluminado com Touch ID (layout US internacional),https://www.nextcomputer.com.br/macbook-pro-16-m3-pro-18gb-ram-512-gb-preto-black-a2991-mrw13bza,completed,2026-08-26T19:56:32-03:00,2026-08-26T19:56:32-03:00
MSI-KATANA15-B13VGK-484US,MSI,Katana,Katana 15,Katana 15 B13VGK,MSI Katana 15 B13VGK-484US Core i7-13620H RTX 4070,B13VGK-484US,B13VGK-484US,B13VGK-484US,824142315040,824142315040,MSI Katana 15 B13V; Katana 15 i7 RTX 4070; B13VGK,Intel,Core i7-13620H,13ª Geração,16,DDR5 5200MHz,1024,SSD M.2 PCIe 4.0 NVMe,NVIDIA GeForce RTX 4070 8GB GDDR6,15.6,1920x1080,IPS-level 144Hz 45% NTSC antirreflexo,TRUE,Wi-Fi 6 (802.11ax Intel AX201),TRUE,Gamer com numérico,TRUE,RGB 4 Zonas,TRUE,FALSE,Windows 11 Home,9499.00,novo,MSI Brasil / Mercado Livre / Bluesoft,MLB25803633,https://www.mercadolivre.com.br/notebook-gamer-msi-katana-i7-16gb-1tb-ssd-156-rtx-4070-8gb-cor-preto/p/MLB25803633,"Notebook Gamer MSI Katana 15 B13VGK Intel Core i7-13620H 16GB 1TB SSD 15.6"" 144Hz RTX 4070 8GB Win 11",Katana 15 B13VGK-484US,"13th Gen Intel Core i7-13620H (10 cores, 16 threads, up to 4.90 GHz)","15.6"" FHD (1920x1080), 144Hz, IPS-Level, 45% NTSC Anti-Glare",Intel Wi-Fi 6 AX201 (2x2 ax) + Bluetooth 5.2,Teclado gamer com teclado numérico retroiluminado RGB 4-Zone,https://www.mercadolivre.com.br/notebook-gamer-msi-katana-i7-16gb-1tb-ssd-156-rtx-4070-8gb-cor-preto/p/MLB25803633,completed,2026-08-26T19:56:32-03:00,2026-08-26T19:56:32-03:00
LEN-LOQ-83GS0008BR,Lenovo,LOQ,LOQ 15,LOQ 15IAX9,Lenovo LOQ 15IAX9 83GS0008BR Intel Core i5-12450HX RTX 3050,83GS0008BR,83GS0008BR,83GS0008BR,unknown,unknown,Lenovo LOQ 15IAX9; Lenovo 83GS; LOQ i5-12450HX RTX 3050,Intel,Core i5-12450HX,12ª Geração (Alder Lake-HX),16,DDR5 4800MHz,512,SSD M.2 2242 PCIe 4.0x4 NVMe,NVIDIA GeForce RTX 3050 6GB GDDR6,15.6,1920x1080,IPS 300 nits antirreflexo 144Hz 100% sRGB G-SYNC,TRUE,Wi-Fi 6 (802.11ax 2x2),TRUE,Gamer Membrana com numérico,TRUE,Branco,TRUE,TRUE,Windows 11 Home,4699.00,novo,Lenovo Brasil / PSREF,83GS0008BR,https://psref.lenovo.com/Product/LOQ/LOQ_15IAX9?MT=83GS,"Lenovo LOQ 15IAX9 83GS0008BR Core i5-12450HX 16GB 512GB SSD RTX 3050 6GB 15.6"" FHD IPS 144Hz Win 11",LOQ 15IAX9 83GS0008BR,"Intel Core i5-12450HX (8C [4P+4E] / 12T, P-core até 4.4GHz, E-core até 3.1GHz, 12MB Cache)","15.6"" FHD (1920x1080) IPS 300nits Anti-glare, 100% sRGB, 144Hz, G-SYNC","Wi-Fi 6, 802.11ax 2x2 + BT5.2",Teclado ABNT2 retroiluminado na cor branca com teclado numérico,https://psref.lenovo.com/Product/LOQ/LOQ_15IAX9?MT=83GS,completed,2026-08-26T19:56:32-03:00,2026-08-26T19:56:32-03:00
LEN-TP-L14G5-21L2000FBR,Lenovo,ThinkPad,ThinkPad L14,ThinkPad L14 Gen 5 (Intel),Lenovo ThinkPad L14 Gen 5 21L2000FBR Intel Core Ultra 5 125U,21L2000FBR,21L2000FBR,21L2000FBR,unknown,unknown,Lenovo ThinkPad L14 Gen 5; ThinkPad L14 G5 21L2; ThinkPad Ultra 5 125U,Intel,Core Ultra 5 125U,Intel Core Ultra (Meteor Lake),16,DDR5 5600MHz,512,SSD M.2 2280 PCIe 4.0x4 NVMe Opal 2.0,Intel Graphics,14.0,1920x1200,IPS 400 nits antirreflexo 45% NTSC DBEF5 WUXGA (16:10),TRUE,Wi-Fi 6E (802.11ax 2x2),TRUE,ThinkPad Precision com TrackPoint,TRUE,Branco,FALSE,TRUE,Windows 11 Pro,6899.00,novo,Lenovo Brasil / PSREF,21L2000FBR,https://psref.lenovo.com/Detail/ThinkPad_L14_Gen_5_Intel?M=21L2000FBR,"Lenovo ThinkPad L14 Gen 5 21L2000FBR Intel Core Ultra 5 125U 16GB 512GB SSD 14"" WUXGA IPS Win 11 Pro",ThinkPad L14 Gen 5 Type 21L2 21L2000FBR,"Intel Core Ultra 5 125U (12C [2P + 8E + 2LPE] / 14T até 4.3GHz, 12MB Cache)","14"" WUXGA (1920x1200) IPS 400nits Anti-glare, 45% NTSC, DBEF5, Touch","Intel Wi-Fi 6E AX211, 802.11ax 2x2 + BT5.3",Teclado ABNT2 retroiluminado com TrackPoint e leitor biométrico integrado,https://psref.lenovo.com/Detail/ThinkPad_L14_Gen_5_Intel?M=21L2000FBR,completed,2026-08-26T19:56:32-03:00,2026-08-26T19:56:32-03:00
AVL-STORM460-MN000079,Avell,Storm,Storm 460,Storm 460 MN000079,Avell Storm 460 MN000079 Core i9-14900HX RTX 4060 WVA 240Hz,MN000079,MN000079,MN000079,unknown,unknown,Avell Storm 460; Storm 460 i9 RTX 4060; MN000079,Intel,Core i9-14900HX,14ª Geração,32,DDR5 5600MHz,1024,SSD M.2 NVMe PCIe Gen4,NVIDIA GeForce RTX 4060 8GB GDDR6,16.0,2560x1600,WVA / IPS 240Hz 500 nits 100% sRGB (16:10),TRUE,Wi-Fi 6E (802.11ax),TRUE,Gamer Membrana com numérico,TRUE,RGB Single-Zone,TRUE,TRUE,Sem sistema,9359.00,novo,Avell Brasil / Qual Notebook Comprar / Adrenaline,MN000079,https://quenotebookcomprar.com.br/avell-storm-460-mn000079/,Avell Storm 460 MN000079 Core i9-14900HX 14ª geração GeForce RTX 4060 WVA 240Hz,Avell Storm 460 MN000079,Intel Core i9-14900HX (24 núcleos / 32 threads até 5.80 GHz),"16,0"" 16:10 WQXGA (2560 x 1600 px) WVA / IPS 240 Hz 500 nits 100% sRGB",Wi-Fi 6E 802.11ax dual-band 2.4GHz / 5GHz / 6GHz,Teclado ABNT2 com numérico retroiluminado RGB,https://quenotebookcomprar.com.br/avell-storm-460-mn000079/,completed,2026-08-26T19:56:32-03:00,2026-08-26T19:56:32-03:00
HP-EB840G10-A09FYLA,HP,EliteBook,EliteBook 840,840 G10,HP EliteBook 840 G10 A09FYLA,A09FYLA,A09FYLA,A09FYLA,unknown,unknown,HP EliteBook 840 G10; HP EliteBook 840; EliteBook i5-1335U; A09FYLA,Intel,Core i5-1335U,13ª Geração (Raptor Lake),16,DDR5 5200MHz,512,SSD PCIe NVMe M.2,Intel Iris Xe Graphics G7 (80 EUs),14.0,1920x1200,"LED WUXGA IPS (1000 nits, 100% sRGB)",TRUE,Wi-Fi 6E (802.11ax 2x2),TRUE,Membrana resistente a respingos,TRUE,Branco,FALSE,TRUE,Windows 11 Pro,6899.00,novo,Qual Notebook Comprar / HP Brasil / KaBuM!,A09FYLA,https://quenotebookcomprar.com.br/hp-elitebook-840-g10-a09fyla/,"HP EliteBook 840 G10 A09FYLA Core i5 | SSD 512 GB | 14"" IPS",EliteBook 840 G10 A09FYLA,Intel Core i5-1335U (10 núcleos / 12 threads até 4.60 GHz),"14,0″ WUXGA (1920 x 1200 px) Painel IPS 1000 nits 100% sRGB",Wi-Fi 6E 802.11ax 2x2 + Bluetooth 5.3,Layout ABNT2 retroiluminado na cor branca sem numérico,https://quenotebookcomprar.com.br/hp-elitebook-840-g10-a09fyla/,completed,2026-08-26T20:06:17-03:00,2026-08-26T20:06:17-03:00
SAM-GB4U-NP960XGL-XG2BR,Samsung,Galaxy Book,Galaxy Book4 Ultra,NP960XGL,Samsung Galaxy Book4 Ultra NP960XGL-XG2BR,NP960XGL-XG2BR,NP960XGL-XG2BR,NP960XGL-XG2BR,unknown,unknown,Galaxy Book4 Ultra; Samsung NP960XGL-YG2BR; Galaxy Book4 Ultra Ultra 7 RTX 4050,Intel,Core Ultra 7 155H,Intel Core Ultra (Série 1 / Meteor Lake),32,LPDDR5X 7467MHz,1024,SSD NVMe M.2,NVIDIA GeForce RTX 4050 6GB GDDR6,16.0,2880x1800,Dynamic AMOLED 2X 120Hz Touchscreen (similar IPS),TRUE,Wi-Fi 6E (802.11ax 2x2),TRUE,Pro com teclado numérico,TRUE,Branco,TRUE,TRUE,Windows 11 Home,14999.00,novo,Samsung Brasil / KaBuM! / Magazine Luiza,564994,https://www.kabum.com.br/produto/564994/notebook-samsung-galaxy-book4-ultra-intel-core-ultra-7-32gb-ram-rtx-4050-6gb-ssd-1tb-tela-16-windows-11-home-grafite-np960xgl-xg2br,"Notebook Samsung Galaxy Book4 Ultra, Intel Core Ultra 7, 32GB RAM, RTX 4050 6GB, SSD 1TB, Tela 16"", WINDOWS 11 Home, Grafite - Np960xgl-xg2br",Galaxy Book4 Ultra NP960XGL-XG2BR,Intel Core Ultra 7 155H (16 núcleos / 22 threads até 4.80 GHz),"16.0"" WQXGA+ 2.8K (2880 x 1800) AMOLED 2X 120Hz Touchscreen antirreflexo",Wi-Fi 6E 802.11ax 2x2 + Bluetooth 5.3,Português-BR ABNT2 Pro com teclado numérico integrado e retroiluminação LED,https://www.kabum.com.br/produto/564994/notebook-samsung-galaxy-book4-ultra-intel-core-ultra-7-32gb-ram-rtx-4050-6gb-ssd-1tb-tela-16-windows-11-home-grafite-np960xgl-xg2br,completed,2026-08-26T20:06:17-03:00,2026-08-26T20:06:17-03:00
ACE-PH16-PH16-71-7178,Acer,Predator,Predator Helios 16,PH16-71,Acer Predator Helios 16 PH16-71-7178,NH.QJRAL.001,PH16-71-7178,NH.QJRAL.001,unknown,unknown,Acer Predator Helios 16; Predator Helios 16 i7 RTX 4070; PH16-71-7178; NH.QJRAL.001,Intel,Core i7-13700HX,13ª Geração (Raptor Lake-HX),32,DDR5 SDRAM,1024,SSD PCIe NVMe M.2,NVIDIA GeForce RTX 4070 8GB GDDR6,16.0,2560x1600,"LED IPS 240Hz (500 nits, 100% DCI-P3, 16:10 WQXGA)",TRUE,Wi-Fi 6E (Killer Wi-Fi 6E AX1675i 802.11ax),TRUE,Gamer com numérico,TRUE,RGB por tecla,TRUE,TRUE,Windows 11 Home Single Language,11999.00,novo,Acer Brasil Oficial / KaBuM!,NH.QJRAL.001,https://www.acer.com/br-pt/predator/laptops/helios/helios-16/pdp/NH.QJRAL.001,PREDATOR HELIOS 16 - PH16-71-7178 Especificações técnicas,Predator Helios 16 PH16-71-7178,Intel Core i7-13700HX (16 núcleos / 24 threads até 5.00 GHz),"16.0"" WQXGA (2560 x 1600) IPS 240Hz 500 nits 100% DCI-P3",Killer Wi-Fi 6E AX1675i IEEE 802.11ax + Bluetooth 5.1,Layout ABNT2 com numérico retroiluminado RGB por tecla,https://www.acer.com/br-pt/predator/laptops/helios/helios-16/pdp/NH.QJRAL.001,completed,2026-08-26T20:06:17-03:00,2026-08-26T20:06:17-03:00
LEN-TP-X1C-G11-21HN0000BR,Lenovo,ThinkPad,ThinkPad X1 Carbon,X1 Carbon Gen 11 (21HN),Lenovo ThinkPad X1 Carbon Gen 11 21HN0000BR,21HN0000BR,21HN0000BR,21HN0000BR,unknown,unknown,Lenovo ThinkPad X1 Carbon Gen 11; ThinkPad X1 Carbon G11; X1 Carbon 21HN,Intel,Core i7-1355U,13ª Geração (Raptor Lake) Intel Evo,16,LPDDR5 6400MHz soldada,512,SSD PCIe 4.0x4 NVMe Opal 2.0 M.2,Intel Iris Xe Graphics,14.0,1920x1200,WUXGA IPS 400 nits antirreflexo 100% sRGB Eyesafe,TRUE,Wi-Fi 6E (Intel Wi-Fi 6E AX211 802.11ax 2x2),TRUE,ThinkPad Precision com TrackPoint,TRUE,Branco,FALSE,TRUE,Windows 11 Pro,13499.00,novo,Lenovo Brasil / PSREF,21HN0000BR,https://psref.lenovo.com/Detail/ThinkPad/ThinkPad_X1_Carbon_Gen_11?M=21HN0000BR,ThinkPad X1 Carbon Gen 11 (21HN0000BR) - Lenovo PSREF,ThinkPad X1 Carbon Gen 11 Type 21HN,"Intel Core i7-1355U (10 núcleos / 12 threads até 5.0GHz, 12MB Cache)","14"" WUXGA (1920x1200) IPS 400nits Anti-glare, 100% sRGB, Low Power","Intel Wi-Fi 6E AX211, 11ax 2x2 + BT5.3",Layout ABNT2 em português retroiluminado com leitor de impressão digital,https://psref.lenovo.com/Detail/ThinkPad/ThinkPad_X1_Carbon_Gen_11?M=21HN0000BR,completed,2026-08-26T20:06:17-03:00,2026-08-26T20:06:17-03:00
ACE-N5-AN515-58-54UH,Acer,Nitro,Nitro 5,AN515-58,Acer Nitro 5 AN515-58-54UH,NH.QFBAL.003,AN515-58-54UH,AN515-58-54UH,4711121544422,4711121544422,Acer Nitro 5; Nitro 5 i5 RTX 3050 Win11; AN515-58,Intel,Core i5-12450H,12ª Geração (Alder Lake),8,DDR4 3200MHz,512,SSD PCIe NVMe M.2,NVIDIA GeForce RTX 3050 4GB GDDR6,15.6,1920x1080,LED IPS 144Hz 250 nits (Full HD),TRUE,Wi-Fi 6 (Killer Wi-Fi 6 AX1650i 802.11ax),TRUE,Membrana Gamer com numérico,TRUE,Vermelho,TRUE,TRUE,Windows 11 Home,4299.00,novo,KaBuM! / Acer Brasil / Qual Notebook Comprar,459635,https://www.kabum.com.br/produto/459635/notebook-gamer-acer-nitro-5-intel-core-i5-12450h-8gb-ram-geforce-rtx3050-ssd-512gb-15-6-full-hd-windows-11-home-preto-an515-58-54uh,"Notebook Gamer Acer NITRO 5 Intel Core i5-12450H, 8GB RAM, GeForce RTX3050, SSD 512GB, 15.6"" FHD, Win11 Home, Preto - AN515-58-54UH",Nitro 5 AN515-58-54UH,Intel Core i5-12450H (8 núcleos / 12 threads até 4.4GHz),"15,6″ Full HD (1920 x 1080) IPS 144 Hz 250 nits",Killer Wi-Fi 6 AX1650i 802.11ax Dual Band 2.4/5GHz + Bluetooth 5.1,Layout Português ABNT2 com numérico retroiluminado na cor vermelha,https://www.kabum.com.br/produto/459635/notebook-gamer-acer-nitro-5-intel-core-i5-12450h-8gb-ram-geforce-rtx3050-ssd-512gb-15-6-full-hd-windows-11-home-preto-an515-58-54uh,completed,2026-08-26T20:06:17-03:00,2026-08-26T20:06:17-03:00
ACE-N5-AN515-58-58W3,Acer,Nitro,Nitro 5,AN515-58,Acer Nitro 5 AN515-58-58W3,NH.QFZAL.001,AN515-58-58W3,AN515-58-58W3,4711121544439,4711121544439,Acer Nitro 5; Nitro 5 i5 RTX 3050 Linux Gutta; AN515-58-58W3,Intel,Core i5-12450H,12ª Geração (Alder Lake),8,DDR4 3200MHz,512,SSD PCIe NVMe M.2,NVIDIA GeForce RTX 3050 4GB GDDR6,15.6,1920x1080,LED IPS 144Hz 250 nits (Full HD),TRUE,Wi-Fi 6 (Killer Wi-Fi 6 AX1650i 802.11ax),TRUE,Membrana Gamer com numérico,TRUE,Vermelho,TRUE,TRUE,Linux Gutta,3999.00,novo,KaBuM! / Qual Notebook Comprar,473212,https://www.kabum.com.br/produto/473212/notebook-acer-nitro-5-intel-core-i5-12-geracao-8gb-512gb-ssd-rtx3050-tela-15-6-full-hd-linux-gutta-an515-58-58w,Notebook Acer Nitro 5 Intel Core i5 12ª Geração 8GB 512GB SSD RTX3050 Tela 15.6 Full HD Linux Gutta AN515-58-58W3,Nitro 5 AN515-58-58W3,Intel Core i5-12450H (8 núcleos / 12 threads até 4.40 GHz),"15,6″ Full HD (1920 x 1080) IPS 144 Hz 250 nits",Killer Wi-Fi 6 AX1650i 802.11ax Dual Band + Bluetooth 5.1,Layout Português ABNT2 com numérico retroiluminado na cor vermelha,https://www.kabum.com.br/produto/473212/notebook-acer-nitro-5-intel-core-i5-12-geracao-8gb-512gb-ssd-rtx3050-tela-15-6-full-hd-linux-gutta-an515-58-58w,completed,2026-08-26T20:06:17-03:00,2026-08-26T20:06:17-03:00
DEL-INS-I15-3530-A30P,Dell,Inspiron,Inspiron 15,3530,Dell Inspiron 15 3530 i15-i1300-a30p,i15-i1300-a30p,i15-i1300-a30p,i15-i1300-a30p,unknown,unknown,Dell Inspiron 3530; Inspiron 15 3530; Inspiron i5-1334U 512GB,Intel,Core i5-1334U,13ª Geração (Raptor Lake),16,DDR4 2666MHz,512,SSD PCIe NVMe M.2,Intel Iris Xe Graphics,15.6,1920x1080,WVA Full HD 120Hz 250 nits antirreflexo ComfortView,TRUE,Wi-Fi 6 (802.11ax 2x2),TRUE,Membrana com teclado numérico,FALSE,,TRUE,TRUE,Windows 11 Home,3499.00,novo,Magazine Luiza / Dell Brasil / Amazon Brasil,i15-i1300-a30p,https://www.magazineluiza.com.br/busca/notebook+dell+inspiron+15+3530+i1300+m30p+intel+i/,"Notebook Dell Inspiron 15 I15-I1300-A30P 15.6"" FHD 120Hz Intel Core i5-1334U 16GB 512GB SSD Win 11",Inspiron 15 3530 i15-i1300-a30p,Intel Core i5-1334U (10 núcleos / 12 threads até 4.60 GHz),"15,6″ Full HD (1920 x 1080) WVA 120Hz antirreflexo 250 nits",Wi-Fi 6 (802.11ax 2x2) + Bluetooth 5.2,Layout ABNT2 em português com teclado numérico dedicado,https://www.magazineluiza.com.br/busca/notebook+dell+inspiron+15+3530+i1300+m30p+intel+i/,completed,2026-08-26T20:06:17-03:00,2026-08-26T20:06:17-03:00
ASU-ZB-UX582ZM-KY062W,ASUS,ZenBook,ZenBook Pro Duo 15,UX582ZM,ASUS ZenBook Pro Duo 15 UX582ZM-KY062W,UX582ZM-KY062W,UX582ZM-KY062W,90NB0W11-M002X0,4711081731887,4711081731887,ASUS ZenBook Pro Duo 15; ZenBook UX582; ZenBook Duo i9 RTX 3060; UX582ZM,Intel,Core i9-12900H,12ª Geração (Alder Lake),32,LPDDR5 6400MHz soldada,1024,SSD NVMe Gen4 x4 M.2,NVIDIA GeForce RTX 3060 6GB GDDR6,15.6,1920x1080,"OLED 550 nits Touch + ScreenPad Plus 14"" (1920x550) IPS",TRUE,Wi-Fi 6 (802.11ax dual-band),TRUE,Chiclet ErgoSense,TRUE,Branco,TRUE,TRUE,Windows 11 Home,17999.00,novo,ASUS Brasil / Qual Notebook Comprar,UX582ZM-KY062W,https://quenotebookcomprar.com.br/review-asus-zenbook-pro-duo-15-ux582-analise-completa/,Review ASUS ZenBook Pro Duo 15 UX582 (análise completa),ZenBook Pro Duo 15 UX582ZM-KY062W,Intel Core i9-12900H (14 núcleos / 20 threads até 5.00 GHz),"Tela principal 15,6″ OLED FHD 550 nits + ScreenPad Plus 14″ IPS Touch",Wi-Fi 6 802.11ax dual band + Bluetooth 5.0,Layout ABNT2 com numérico digital no touchpad e retroiluminação branca,https://quenotebookcomprar.com.br/review-asus-zenbook-pro-duo-15-ux582-analise-completa/,completed,2026-08-26T20:06:17-03:00,2026-08-26T20:06:17-03:00
VAI-FE14-VJFE49F11X-B0321H,VAIO,FE14,FE14,FE14 VJFE49F11X,VAIO FE14 VJFE49F11X-B0321H,VJFE49F11X-B0321H,3344185,VJFE49F11X-B0321H,7908068808930,7908068808930,VAIO FE14 VJFE49; VAIO FE14 Ryzen 5 5500U 16GB; VJFE49F11X,AMD,Ryzen 5 5500U,Série 5000 (Lucienne),16,DDR4 3200MHz,256,SSD NVMe M.2,AMD Radeon RX Vega 7,14.0,1920x1080,LED TN antirreflexo 60Hz,FALSE,Wi-Fi 5 (802.11ac dual-band),TRUE,Membrana resistente a água,FALSE,,FALSE,TRUE,Windows 11 Home,2699.00,novo,KaBuM! / Positivo / VAIO Brasil,624458,https://www.kabum.com.br/produto/624458/notebook-vaio-fe14-amd-ryzen-5-5500u-windows-11-home-16gb-ram-256gb-ssd-14-full-hd-cinza-grafite,Notebook Vaio Fe14 Amd® Ryzen 5-5500u WINDOWS 11 Home 16gb Ram 256gb SSD 14” Full Hd - Cinza Grafite,VAIO FE14 VJFE49F11X-B0321H,AMD Ryzen 5 5500U (6 núcleos / 12 threads até 4.00 GHz),14″ LED Full HD (1920 x 1080) TN antirreflexiva 60Hz,Wi-Fi IEEE 802.11ac dual band 2.4/5GHz + Bluetooth 5.1,Layout Português ABNT2 de 88 teclas resistente a água sem numérico,https://www.kabum.com.br/produto/624458/notebook-vaio-fe14-amd-ryzen-5-5500u-windows-11-home-16gb-ram-256gb-ssd-14-full-hd-cinza-grafite,completed,2026-08-26T20:06:17-03:00,2026-08-26T20:06:17-03:00
DEL-XPS13-9340-U7155H,Dell,XPS,XPS 13,XPS 13 9340,Dell XPS 13 9340 brpxcpbto9340gytvw,9340-brpxcpbto9340gytvw,9340-U7155H,9340-brpxcpbto9340gytvw,unknown,unknown,Dell XPS 13 9340; XPS 13 Plus 2024; XPS 13 Intel Core Ultra 7,Intel,Core Ultra 7 155H,Intel Core Ultra (Série 1 / Meteor Lake),16,LPDDR5X 7467MHz soldada,512,SSD PCIe NVMe M.2 Gen4,Intel Arc Graphics,13.4,2880x1800,OLED 3K Touchscreen 60Hz 400 nits 100% DCI-P3 InfinityEdge,TRUE,Wi-Fi 7 (Intel Killer Wi-Fi 7 BE1750 / BE200 802.11be),TRUE,Capacitivo Zero-Lattice com fileira de toque,TRUE,Branco,FALSE,TRUE,Windows 11 Home,12999.00,novo,Dell Brasil / Qual Notebook Comprar,9340-brpxcpbto9340gytvw,https://quenotebookcomprar.com.br/dell-xps-13-9340-brpxcpbto9340gytvw/,Dell XPS 13 9340-brpxcpbto9340gytvw Ultra 7 | OLED Touch,XPS 13 9340,Intel Core Ultra 7 155H (16 núcleos / 22 threads até 4.80 GHz),"13.4"" 3K (2880 x 1800) OLED Touchscreen 400 nits 100% DCI-P3 InfinityEdge",Intel Killer Wi-Fi 7 BE200 802.11be MIMO + Bluetooth 5.4,Layout ABNT2 em português retroiluminado com leitor biométrico,https://quenotebookcomprar.com.br/dell-xps-13-9340-brpxcpbto9340gytvw/,completed,2026-08-26T20:06:17-03:00,2026-08-26T20:06:17-03:00
DEL-PREC-3581-I713700H,Dell,Precision,Precision 3580 Series,Precision 3581,Dell Precision 3581 Workstation i7 RTX A1000,DP-3581-I7,DP-3581-I7A1000,DP-3581-TG,unknown,unknown,Dell Precision 3581; Precision 3581 i7-13700H; Precision Mobile Workstation 3581,Intel,Core i7-13700H,13ª Geração (Raptor Lake-H),32,DDR5 4800MHz,512,SSD PCIe NVMe Gen4 M.2,NVIDIA RTX A1000 6GB GDDR6,15.6,1920x1080,FHD WVA / IPS 250 nits 45% NTSC antirreflexo 60Hz,TRUE,Wi-Fi 6E (Intel Wi-Fi 6E AX211 802.11ax 2x2),TRUE,Membrana corporativo com numérico,TRUE,Branco,TRUE,TRUE,Windows 11 Pro,9899.00,novo,Dell Brasil / Mercado Livre,MLB46584909,https://www.mercadolivre.com.br/dell-precision-3581-workstation-laptop-2023-156-1920-x-1080-fhd-core-i7-13700h-disco-rigido-ssd-de-1-tb-64-gb-ram-14-nucleos-5-ghz-win-11-pro/p/MLB46584909,Dell Precision 3581 Workstation Laptop (2023) | 15.6 1920 X 1080 FHD | Core i7-13700H,Precision 3581,Intel Core i7-13700H (14 núcleos / 20 threads até 5.00 GHz),"15.6"" FHD (1920 x 1080) WVA / IPS 250 nits antirreflexo",Intel Wi-Fi 6E AX211 802.11ax 2x2 + Bluetooth 5.3,Layout ABNT2 com teclado numérico retroiluminado,https://www.mercadolivre.com.br/dell-precision-3581-workstation-laptop-2023-156-1920-x-1080-fhd-core-i7-13700h-disco-rigido-ssd-de-1-tb-64-gb-ram-14-nucleos-5-ghz-win-11-pro/p/MLB46584909,completed,2026-08-26T20:06:17-03:00,2026-08-26T20:06:17-03:00
ASU-ROG-FLOW-GV302XV,ASUS,ROG,ROG Flow,GV302 (GV302XV),ASUS ROG Flow X13 GV302XV AMD Ryzen 9 7940HS,90NR0DC1-M001E0,GV302XV,GV302XV,unknown,unknown,ASUS ROG Flow X13 2023; ROG Flow X13 GV302; ROG Flow X13 Ryzen 9 RTX 4060,AMD,Ryzen 9 7940HS,Série 7000 (Zen 4),16,LPDDR5 6400MHz,1024,SSD M.2 PCIe 4.0 NVMe,NVIDIA GeForce RTX 4060 8GB GDDR6 (60W TGP),13.4,2560x1600,"ROG Nebula IPS 165Hz (500 nits, 100% DCI-P3 Touch)",TRUE,Wi-Fi 6E (802.11ax triple band),TRUE,Chiclet Gamer,TRUE,Branco,FALSE,FALSE,Windows 11 Home,14999.00,novo,ASUS Brasil / KaBuM!,GV302XV,https://rog.asus.com/laptops/rog-flow/rog-flow-x13-2023-series/,ASUS ROG Flow X13 (2023) GV302 AMD Ryzen 9 7940HS 16GB 1TB SSD RTX 4060 QHD+ 165Hz Touch,ROG Flow X13 GV302XV,AMD Ryzen 9 7940HS (8 núcleos / 16 threads até 5.2 GHz),"13.4"" QHD+ (2560 x 1600, WQXGA) 16:10 IPS ROG Nebula Display 165Hz 500 nits DCI-P3 100% Touchscreen",Wi-Fi 6E (802.11ax) (Triple band) 2*2 + Bluetooth 5.3,Backlit Chiclet Keyboard 1-Zone RGB / White US-Int,https://rog.asus.com/laptops/rog-flow/rog-flow-x13-2023-series/,completed,2026-08-26T20:15:30-03:00,2026-08-26T20:15:30-03:00
DEL-LAT-7440-I71355U,Dell,Latitude,Latitude 7000,Latitude 7440,Dell Latitude 7440 Intel Core i7-1355U,8GCHM,MLB2022053653,Latitude 7440,unknown,unknown,Dell Latitude 7440; Latitude 14 7440; Latitude 7440 i7-1355U; 8GCHM,Intel,Core i7-1355U,13ª Geração (Raptor Lake),16,LPDDR5 4800MHz,512,SSD M.2 PCIe NVMe Gen4 Class 35,Intel Iris Xe Graphics (96 EUs),14.0,1920x1200,WVA/IPS 250 nits antirreflexo ComfortView Plus,TRUE,Wi-Fi 6E (Intel AX211 802.11ax 2x2),TRUE,Membrana Corporativo Mini-LED,TRUE,Branco,FALSE,TRUE,Windows 11 Pro,8299.00,novo,Dell Brasil / Mercado Livre,MLB2022053653,https://www.dell.com/pt-br/shop/notebooks-dell/notebook-latitude-7440/spd/latitude-14-7440-2-in-1-laptop,Notebook Dell Latitude 7440 Core I7 16 GB 512 GB 14 FHD+ WVA IPS Win 11 Pro,Latitude 7440,Intel Core i7-1355U (10 núcleos / 12 threads até 5.00 GHz),"14.0"" FHD+ (1920 x 1200) WVA/IPS Non-Touch, AG, 250 nits ComfortView Plus","Intel Wi-Fi 6E AX211, 2x2, 802.11ax + Bluetooth 5.3",Teclado ABNT2 em português com retroiluminação miniLED sem numérico,https://www.mercadolivre.com.br/notebook-dell-latitude-7440-core-i7-16-gb-512-gb-14-fhd-nnet-novo-com-caixa-aberta/p/MLB2022053653 ; https://www.dell.com/pt-br/shop/notebooks-dell/notebook-latitude-7440/spd/latitude-14-7440-2-in-1-laptop,completed,2026-08-26T20:15:30-03:00,2026-08-26T20:15:30-03:00
LEN-YOGA-7-83DJ0005BR,Lenovo,Yoga,Yoga 7 2-in-1,Yoga 7 2-in-1 14IML9,Lenovo Yoga 7 2-in-1 14IML9 83DJ0005BR,83DJ0005BR,83DJ0005BR,83DJ0005BR,unknown,unknown,Lenovo Yoga 7 14IML9; Yoga 7i 2-in-1 14; Yoga 7 83DJ; Yoga Core Ultra 7,Intel,Core Ultra 7 155H,Intel Core Ultra (Série 1 / Meteor Lake) Intel Evo,16,LPDDR5x 7467MHz,512,SSD M.2 2242 PCIe 4.0 NVMe,Intel Arc Graphics (8 Xe-cores),14.0,1920x1200,OLED Touch 400 nits 60Hz 100% DCI-P3 HDR 500 True Black,TRUE,Wi-Fi 6E (802.11ax 2x2),TRUE,Chiclet,TRUE,Branco,FALSE,TRUE,Windows 11 Home,7999.00,novo,Lenovo Brasil / PSREF,83DJ,https://psref.lenovo.com/Product/Yoga/Yoga_7_2_in_1_14IML9,"Notebook 2 em 1 Lenovo Yoga 7 14IML9 Intel Core Ultra 7 155H 16GB 512GB SSD OLED 14"" Touch W11",Yoga 7 2-in-1 14IML9 Type 83DJ,Intel Core Ultra 7 155H (16 núcleos / 22 threads até 4.80 GHz) com Intel AI Boost NPU,"14"" WUXGA (1920x1200) OLED 400nits Glossy / Anti-fingerprint, 100% DCI-P3, 60Hz, Dolby Vision, DisplayHDR True Black 500, Touch","Wi-Fi 6E, 11ax 2x2 + BT5.3","Backlit, Portuguese (BR) ABNT2 sem numérico",https://psref.lenovo.com/Product/Yoga/Yoga_7_2_in_1_14IML9 ; https://www.mercadolivre.com.br/notebook-lenovo-yoga-7i-2-em-1-14-intel-core-ultra-5-226v-1/p/MLB2035120172,completed,2026-08-26T20:15:30-03:00,2026-08-26T20:15:30-03:00
HP-PB440G11-B5AX8LA,HP,ProBook,ProBook 400,ProBook 440 G11,HP ProBook 440 G11 B5AX8LA#AK4,B5AX8LA#AK4,B5AX8LA,B5AX8LA#AK4,unknown,unknown,HP ProBook 440 G11; ProBook 440 G11 Core Ultra 7; B5AX8LA,Intel,Core Ultra 7 155U,Intel Core Ultra (Série 1 / Meteor Lake),16,DDR5 5600MHz,512,SSD PCIe NVMe M.2,Intel Graphics (4-Cores iGPU),14.0,1920x1200,LED IPS 300 nits antirreflexo WUXGA,TRUE,Wi-Fi 6E (Intel AX211 802.11ax 2x2),TRUE,HP Premium resistente a respingos,FALSE,,FALSE,TRUE,Windows 11 Pro,5899.00,novo,HP Brasil / Qual Notebook Comprar,B5AX8LA,https://quenotebookcomprar.com.br/hp-probook-440-g11-b5ax8la/,HP ProBook 440 G11 B5AX8LA Core Ultra 7 | SSD 512 GB | IPS,ProBook 440 G11 B5AX8LA#AK4,Intel Core Ultra 7 155U (12 núcleos / 14 threads até 4.80 GHz),"14,0″ WUXGA (1920 x 1200 px) Painel IPS 300 nits antirreflexo",Intel Wi-Fi 6E AX211 (2x2) e Bluetooth 5.3,Teclado HP Premium em português ABNT2 resistente a derramamento de líquidos,https://quenotebookcomprar.com.br/hp-probook-440-g11-b5ax8la/,completed,2026-08-26T20:15:30-03:00,2026-08-26T20:15:30-03:00
ASU-VBPRO15-K6502HC-LP096W,ASUS,VivoBook,VivoBook Pro 15,K6502HC,ASUS VivoBook Pro 15 K6502HC-LP096W,90NB0V61-M004S0,K6502HC-LP096W,K6502HC-LP096W,7898573298978,7898573298978,ASUS VivoBook Pro 15 K6502; VivoBook Pro 15 i9 RTX 3050; K6502HC,Intel,Core i9-11900H,11ª Geração (Tiger Lake H45),16,DDR4 3200MHz,1024,SSD NVMe PCIe 3.0 M.2,NVIDIA GeForce RTX 3050 4GB GDDR6,15.6,1920x1080,LED IPS-Level 144Hz (100% sRGB),TRUE,Wi-Fi 6 (802.11ax 2x2),TRUE,Chiclet ErgoSense com numérico,TRUE,Branco,TRUE,TRUE,Windows 11 Home,5499.00,novo,ASUS Brasil / Qual Notebook Comprar,K6502HC-LP096W,https://quenotebookcomprar.com.br/review-asus-vivobook-pro-15-k6502/,Review completo do ASUS VivoBook Pro 15 K6502HC com Core i9,VivoBook Pro 15 K6502HC-LP096W,Intel Core i9-11900H (8 núcleos / 16 threads até 4.90 GHz),"15,6″ Full HD (1920 x 1080 px) Painel IPS-level 144 Hz 100% sRGB antirreflexo",Wi-Fi 6 (802.11ax) dual band 2x2 + Bluetooth 5.0,Layout ABNT2 com teclado numérico retroiluminado na cor branca e leitor biométrico,https://quenotebookcomprar.com.br/review-asus-vivobook-pro-15-k6502/,completed,2026-08-26T20:15:30-03:00,2026-08-26T20:15:30-03:00
ACE-NV15-ANV15-52-514Z,Acer,Nitro,Nitro V 15,ANV15-52,Acer Nitro V 15 ANV15-52-514Z,NH.QSFAL.001,ANV15-52-514Z,ANV15-52-514Z,4711474547699,4711474547699,Acer Nitro V 15 ANV15-52; Nitro V15 i5 RTX 3050 165Hz; ANV15-52-514Z,Intel,Core i5-13420H,13ª Geração (Raptor Lake),8,DDR5 5200MHz,512,SSD M.2 NVMe PCIe Gen4,NVIDIA GeForce RTX 3050 6GB GDDR6,15.6,1920x1080,"LED IPS 165Hz (300 nits, 1000:1 contraste)",TRUE,Wi-Fi 6 (802.11ax),TRUE,Membrana Gamer com numérico,TRUE,Branco,TRUE,TRUE,Linux,4499.00,novo,Acer Brasil / Qual Notebook Comprar,ANV15-52-514Z,https://quenotebookcomprar.com.br/acer-aspire-nitro-v15-anv15-52-514z/,Acer Aspire Nitro V15 ANV15-52-514Z Core i5 | RTX 3050 | IPS,Nitro V 15 ANV15-52-514Z,Intel Core i5-13420H (8 núcleos / 12 threads até 4.60 GHz),"15,6″ Full HD (1920 x 1080 px) Painel IPS 165 Hz 300 nits contraste 1.000:1",Wi-Fi 6 (802.11ax) + Bluetooth 5.1,Teclado padrão ABNT2 com teclado numérico dedicado e retroiluminação branca,https://quenotebookcomprar.com.br/acer-aspire-nitro-v15-anv15-52-514z/,completed,2026-08-26T20:15:30-03:00,2026-08-26T20:15:30-03:00
LEN-YOGA9-82LU008BBR,Lenovo,Yoga,Yoga 9,Yoga 9 14IAP7,Lenovo Yoga 9i 14IAP7 82LU008BBR,82LU008BBR,82LU008BBR,82LU008BBR,196800677020,196800677020,Lenovo Yoga 9i 14; Yoga 9i 14IAP7; Yoga 9i i7-1280P 4K OLED; 82LU,Intel,Core i7-1280P,12ª Geração (Alder Lake) Intel Evo,16,LPDDR5 5200MHz,1024,SSD M.2 PCIe 4.0 NVMe Gen4 x4,Intel Iris Xe Graphics (96 EUs),14.0,3840x2400,OLED Touch 400 nits 100% DCI-P3 DisplayHDR 500 True Black,TRUE,Wi-Fi 6E (802.11ax 2x2),TRUE,Edge-to-Edge Chiclet,TRUE,Branco,FALSE,TRUE,Windows 11 Home,10999.00,novo,Lenovo Brasil / Qual Notebook Comprar,82LU008BBR,https://quenotebookcomprar.com.br/review-notebook-lenovo-yoga-9i/,Review notebook Lenovo Yoga 9i ultrafino premium (2022),Yoga 9 14IAP7 82LU008BBR,Intel Core i7-1280P (14 núcleos / 20 threads até 4.80 GHz),"14,0″ UHD 4K (3840 x 2400 px) 16:10 OLED Touch 400 nits DCI-P3 100% DisplayHDR True Black 500",Wi-Fi 6E (802.11ax) dual-band + Bluetooth 5.2,Layout ABNT2 retroiluminado na cor branca com barra de som Bowers & Wilkins integrada,https://quenotebookcomprar.com.br/review-notebook-lenovo-yoga-9i/,completed,2026-08-26T20:15:30-03:00,2026-08-26T20:15:30-03:00
DEL-INS13-7391-M30S,Dell,Inspiron,Inspiron 13,Inspiron 13 7391,Dell Inspiron 13 7000 i13-7391-M30S,i13-7391-M30S,i13-7391-M30S,i13-7391-M30S,7899864929380,7899864929380,Dell Inspiron 7391; Inspiron 13 7391; Inspiron i7-10510U MX250; i13-7391,Intel,Core i7-10510U,10ª Geração (Comet Lake),8,LPDDR3 2133MHz,512,SSD M.2 PCIe NVMe,NVIDIA GeForce MX250 2GB GDDR5,13.3,1920x1080,WVA 300 nits 100% sRGB antirreflexo,TRUE,Wi-Fi 5 (802.11ac 2x2),TRUE,Chiclet ultrafino,TRUE,Branco,FALSE,TRUE,Windows 10 Home,4299.00,usado,Dell Brasil / Qual Notebook Comprar,i13-7391-M30S,https://quenotebookcomprar.com.br/dell-inspiron-13-7000-i13-7391-m30s/,Dell Inspiron 13 7000 i13-7391-M30S Core i7 8GB 512GB SSD MX250 WVA Full HD,Inspiron 13 7391 i13-7391-M30S,Intel Core i7-10510U (4 núcleos / 8 threads até 4.90 GHz),"13,3″ Full HD (1920 x 1080 px) Painel WVA (IPS) 300 nits 100% sRGB",Wi-Fi 5 (802.11ac 2x2) + Bluetooth 5.0,Layout padrão ABNT2 retroiluminado em branco sem numérico (liga de magnésio 0.97kg),https://quenotebookcomprar.com.br/dell-inspiron-13-7000-i13-7391-m30s/,completed,2026-08-26T20:15:30-03:00,2026-08-26T20:15:30-03:00
LEN-YOGA7-82LW0003BR,Lenovo,Yoga,Yoga 7 2-in-1,Yoga 7 14ITL5,Lenovo Yoga 7i 14ITL5 82LW0003BR,82LW0003BR,82LW0003BR,82LW0003BR,196119344644,196119344644,Lenovo Yoga 7i 14ITL5; Yoga 7i i5-1135G7; 82LW0003BR; Yoga 7 2 em 1,Intel,Core i5-1135G7,11ª Geração (Tiger Lake) Intel Evo,8,DDR4 3200MHz,512,SSD M.2 NVMe Gen3 x4,Intel Iris Xe Graphics G7 (80 EUs),14.0,1920x1080,LED IPS 300 nits Touchscreen,TRUE,Wi-Fi 6 (802.11ax 2x2),TRUE,Chiclet,TRUE,Branco,FALSE,TRUE,Windows 11 Home,4499.00,descontinuado,Lenovo Brasil / Qual Notebook Comprar,82LW0003BR,https://quenotebookcomprar.com.br/lenovo-yoga-7i-82lw0003br/,Lenovo Yoga 7i 82LW0003BR | Notebook 2 em 1 | Windows 11 Home,Yoga 7 14ITL5 82LW0003BR,Intel Core i5-1135G7 (4 núcleos / 8 threads até 4.20 GHz),"14,0″ Full HD (1920 x 1080 px) Painel IPS Touchscreen 300 nits",Wi-Fi 6 (802.11ax) + Bluetooth 5.0,Layout ABNT2 retroiluminado sem numérico em corpo de alumínio,https://quenotebookcomprar.com.br/lenovo-yoga-7i-82lw0003br/,completed,2026-08-26T20:15:30-03:00,2026-08-26T20:15:30-03:00
LG-GRAM15-15Z980-BH71P1,LG,Gram,Gram 15,15Z980,LG Gram 15Z980-G.BH71P1 Intel Core i7-8550U,15Z980-G.BH71P1,15Z980-G.BH71P1,15Z980-G.BH71P1,7893299910401,7893299910401,LG Gram 15; LG Gram i7-8550U Branco; 15Z980; Gram 15Z980,Intel,Core i7-8550U,8ª Geração (Kaby Lake R),8,DDR4 2400MHz,256,SSD M.2 SATA/NVMe,Intel UHD Graphics 620,15.6,1920x1080,LED IPS Full HD (96% sRGB),TRUE,Wi-Fi 5 (Intel 8265AC 802.11ax 2x2),TRUE,Membrana com numérico,TRUE,Branco,TRUE,TRUE,Windows 10 Home,4999.00,descontinuado,LG Brasil / Qual Notebook Comprar,15Z980-G.BH71P1,https://quenotebookcomprar.com.br/lg-gram-branco-15z980-g/,LG Gram Branco 15Z980-G.BH71P1 Core i7-8550U SSD IPS Bateria 72Wh,15Z980-G.BH71P1,Intel Core i7-8550U (4 núcleos / 8 threads até 4.00 GHz),"15,6″ Full HD (1920 x 1080) Painel IPS 96% sRGB acabamento ultrafino",Intel Dual Band Wireless-AC 8265 (802.11ac 2x2) + Bluetooth 4.1,Teclado ABNT2 retroiluminado com teclado numérico dedicado (peso 995g),https://quenotebookcomprar.com.br/lg-gram-branco-15z980-g/,completed,2026-08-26T20:15:30-03:00,2026-08-26T20:15:30-03:00
AVL-ION-A70-MN000118,Avell,Ion,Ion A70,A70 MN000118,Avell Ion A70 5050 MN000118 Core Ultra 7 RTX 5050,MN000118,MN000118,MN000118,unknown,unknown,Avell Ion A70; Avell A70 MN000118; Avell Ion Core Ultra 7 RTX 5050,Intel,Core Ultra 7 155H,Intel Core Ultra (Série 1 / Meteor Lake),8,DDR5 5600MHz,512,SSD M.2 NVMe Gen4 x4,NVIDIA GeForce RTX 5050 8GB GDDR7,15.3,2560x1600,"WVA 180Hz (400 nits, 100% sRGB, 1200:1)",TRUE,Wi-Fi 6E (802.11ax 2x2),TRUE,Membrana Gamer com numérico,TRUE,RGB,TRUE,TRUE,Sem sistema operacional,8298.00,novo,Avell Brasil / Qual Notebook Comprar,MN000118,https://quenotebookcomprar.com.br/avell-ion-a70-5050-mn000118/,Avell Ion A70 5050 MN000118 Ultra 7 | RTX 5050 | WVA 180 Hz,Ion A70 5050 MN000118,Intel Core Ultra 7 155H (16 núcleos / 22 threads até 4.80 GHz),"15,3″ QHD+ (2560 x 1600 px) WVA 180 Hz 400 nits 100% sRGB contraste 1.200:1",Wi-Fi 6E (802.11ax) + Bluetooth 5.3,Layout ABNT2 com teclado numérico dedicado e retroiluminação RGB personalizável,https://quenotebookcomprar.com.br/avell-ion-a70-5050-mn000118/,completed,2026-08-26T20:15:30-03:00,2026-08-26T20:15:30-03:00
AVL-BON15-MN000132,Avell,B.On,B.On 15,B.On 15U MN000132,Avell B.On 15U MN000132 AMD Ryzen 5 7430U,MN000132,MN000132,MN000132,unknown,unknown,Avell B.On 15U; Avell B.On Ryzen 5; MN000132,AMD,Ryzen 5 7430U,Série 7000 (Barcelo-R),8,DDR4 3200MHz,256,SSD M.2 NVMe Gen3 x4,AMD Radeon RX Vega 7,15.6,1920x1080,LED Full HD WVA antirreflexo (1200:1),TRUE,Wi-Fi 6 (802.11ax),TRUE,Membrana com numérico,FALSE,,TRUE,TRUE,Sem sistema operacional,2999.00,novo,Avell Brasil / Qual Notebook Comprar,MN000132,https://quenotebookcomprar.com.br/avell-b-on-15u-mn000132/,Avell B.On 15U MN000132 Ryzen 5 | SSD 256 GB | FHD WVA,B.On 15U MN000132,AMD Ryzen 5 7430U (6 núcleos / 12 threads até 4.30 GHz),"15,6″ Full HD (1920 x 1080 px) Painel WVA 230 nits contraste 1.200:1",Wi-Fi 6 (802.11ax) + Bluetooth 5.3,Layout ABNT2 com teclado numérico integrado,https://quenotebookcomprar.com.br/avell-b-on-15u-mn000132/,completed,2026-08-26T20:15:30-03:00,2026-08-26T20:15:30-03:00
LG-GRAM16-16Z90R-G-BH78P1,LG,Gram,Gram 16,16Z90R,LG Gram 16 16Z90R-G.BH78P1 Intel Core i7 16GB 1TB SSD,16Z90R-G.BH78P1,16Z90R-G.BH78P1,16Z90R-G.BH78P1,7893299933219,7893299933219,LG Gram 16 2023; LG 16Z90R; Gram 16 i7-1360P 1TB,Intel,Core i7-1360P,13ª Geração (Raptor Lake),16,LPDDR5 6000MHz,1024,SSD M.2 NVMe Gen4,Intel Iris Xe Graphics (96 EUs),16.0,2560x1600,IPS antirreflexo 350 nits 99% DCI-P3 (16:10),TRUE,Wi-Fi 6E (802.11ax 2x2 Intel AX211),TRUE,Membrana com numérico,TRUE,Branco,TRUE,TRUE,Windows 11 Home,7499.00,novo,LG Brasil / KaBuM! / Magazine Luiza,16Z90R-G.BH78P1,https://www.lg.com/br/computadores/lg-16z90r-g-bh78p1,Notebook LG gram 16” Intel Core i7 13ª Geração Windows 11 Home 16GB RAM 1TB SSD Preto - 16Z90R-G.BH78P1,LG Gram 16 16Z90R-G.BH78P1,Intel Core i7-1360P (12 núcleos / 16 threads até 5.0 GHz),"16"" WQXGA (2560x1600) IPS antirreflexo 350 nits DCI-P3 99%","Intel Wi-Fi 6E AX211 (802.11ax 2x2, 2.4GHz, 5GHz, 6GHz) + Bluetooth 5.1",Teclado em português ABNT2 retroiluminado com teclado numérico dedicado,https://www.lg.com/br/computadores/lg-16z90r-g-bh78p1,completed,2026-08-26T20:30:00-03:00,2026-08-26T20:30:00-03:00
ACE-SWIFTGO-SFG14-72-72VN,Acer,Swift,Swift Go 14,SFG14-72,Acer Swift Go 14 SFG14-72-72VN Intel Core Ultra 7 16GB 1TB SSD,NX.KP7AL.001,SFG14-72-72VN,NX.KP7AL.001,4711121987654,4711121987654,Acer Swift Go 14 SFG14-72; Swift Go Core Ultra 7; NX.KP7AL.001,Intel,Core Ultra 7 155H,Intel Core Ultra (Meteor Lake),16,LPDDR5X 6400MHz,1024,SSD M.2 PCIe Gen4 NVMe,Intel Arc Graphics (8 Xe-Cores),14.0,2880x1800,OLED 2.8K 90Hz 400 nits 100% DCI-P3 (16:10),TRUE,Wi-Fi 6E (802.11ax 2x2 Intel Killer 1675i),TRUE,Chiclet,TRUE,Branco,FALSE,TRUE,Windows 11 Home,6899.00,novo,Acer Brasil / KaBuM!,SFG14-72-72VN,https://www.acer.com/br-pt/laptops/swift/swift-go/pdp/NX.KP7AL.001,Notebook Acer Swift Go 14 SFG14-72-72VN Intel Core Ultra 7 155H 16GB RAM 1TB SSD 14 OLED 2.8K Win 11,Swift Go 14 SFG14-72-72VN,Intel Core Ultra 7 155H (16 núcleos / 22 threads com NPU Intel AI Boost),"14.0"" 2.8K (2880 x 1800) OLED 90Hz 400 nits 100% DCI-P3","Killer Wireless Wi-Fi 6E 1675i (802.11ax 2x2, 2.4GHz, 5GHz, 6GHz) + Bluetooth 5.3",Teclado retroiluminado padrão ABNT2 sem numérico,https://www.acer.com/br-pt/laptops/swift/swift-go/pdp/NX.KP7AL.001,completed,2026-08-26T20:30:00-03:00,2026-08-26T20:30:00-03:00
DEL-PREC-3580-I71360P,Dell,Precision,Precision 3000,Precision 3580,Dell Precision 3580 Intel Core i7-1360P 16GB 512GB SSD RTX A500,210-BGVR,Precision-3580-i7,210-BGVR,7899864938210,7899864938210,Dell Precision 3580 Workstation; Precision 3580 RTX A500; 210-BGVR,Intel,Core i7-1360P,13ª Geração (Raptor Lake),16,DDR5 5200MHz,512,SSD M.2 PCIe NVMe Class 35,NVIDIA RTX A500 4GB GDDR6,15.6,1920x1080,IPS FHD 400 nits 100% sRGB antirreflexo Low Blue Light,TRUE,Wi-Fi 6E (802.11ax 2x2 Intel AX211),TRUE,Chiclet Pro com teclado numérico,TRUE,Branco,TRUE,TRUE,Windows 11 Pro,9899.00,novo,Dell Brasil / Mercado Livre,210-BGVR,https://www.dell.com/pt-br/shop/workstations-dell/mobile-workstation-precision-3580/spd/precision-15-3580-laptop,Mobile Workstation Dell Precision 3580 15.6 FHD Intel Core i7-1360P 16GB 512GB SSD RTX A500 Windows 11 Pro,Dell Precision 3580 Workstation,"Intel Core i7-1360P (12 núcleos / 16 threads, até 5.0 GHz)","15.6"" FHD (1920x1080) IPS 400 nits antirreflexo 100% sRGB",Intel Wi-Fi 6E AX211 2x2 802.11ax + Bluetooth 5.3,Teclado em português ABNT2 retroiluminado com leitor biométrico e teclado numérico,https://www.dell.com/pt-br/shop/workstations-dell/mobile-workstation-precision-3580/spd/precision-15-3580-laptop,completed,2026-08-26T20:30:00-03:00,2026-08-26T20:30:00-03:00
LEN-TP-T14SG4-21F6001DBO,Lenovo,ThinkPad,ThinkPad T14s,T14s Gen 4 (Intel),Lenovo ThinkPad T14s Gen 4 21F6001DBO Intel Core i7 16GB 512GB SSD,21F6001DBO,21F6001DBO,21F6001DBO,197528341908,197528341908,Lenovo ThinkPad T14s Gen 4; ThinkPad T14s 21F6; T14s i7-1355U,Intel,Core i7-1355U,13ª Geração (Raptor Lake),16,LPDDR5x 4800MHz,512,SSD M.2 2280 PCIe 4.0x4 Performance NVMe Opal 2.0,Intel Iris Xe Graphics (96 EUs),14.0,1920x1200,IPS 400 nits antirreflexo Low Power 100% sRGB Eyesafe (16:10),TRUE,Wi-Fi 6E (802.11ax 2x2 Intel AX211),TRUE,ThinkPad Precision,TRUE,Branco,FALSE,TRUE,Windows 11 Pro,8799.00,novo,Lenovo Brasil / PSREF,21F6001DBO,https://psref.lenovo.com/product/ThinkPad/ThinkPad_T14s_Gen_4_Intel,Lenovo ThinkPad T14s Gen 4 Type 21F6 Intel Core i7-1355U 16GB 512GB SSD 14 WUXGA IPS Win 11 Pro,ThinkPad T14s Gen 4 Type 21F6,Intel Core i7-1355U (10 núcleos / 12 threads até 5.0 GHz),"14"" WUXGA (1920x1200) IPS 400nits Anti-glare, 100% sRGB, Low Power","Intel Wi-Fi 6E AX211, 11ax 2x2 + BT5.3",Teclado ThinkPad padrão ABNT2 retroiluminado resistente a líquidos,https://psref.lenovo.com/product/ThinkPad/ThinkPad_T14s_Gen_4_Intel,completed,2026-08-26T20:30:00-03:00,2026-08-26T20:30:00-03:00
LEN-LEG-PRO5-83DF000XBR,Lenovo,Legion,Legion Pro 5,16IRX9,Lenovo Legion Pro 5 16IRX9 83DF000XBR Intel Core i7 RTX 4060 16GB 1TB SSD,83DF000XBR,83DF000XBR,83DF000XBR,197532891234,197532891234,Lenovo Legion Pro 5 16IRX9; Legion Pro 5i i7-14650HX RTX 4060; 83DF,Intel,Core i7-14650HX,14ª Geração (Raptor Lake Refresh),16,DDR5 5600MHz (2x 8GB),1024,SSD M.2 2280 PCIe 4.0x4 NVMe,NVIDIA GeForce RTX 4060 8GB GDDR6 (140W TGP),16.0,2560x1600,IPS 500 nits 240Hz 100% sRGB DisplayHDR 400 G-SYNC (16:10),TRUE,Wi-Fi 6E (802.11ax 2x2),TRUE,Legion TrueStrike Gamer com numérico,TRUE,RGB 4 Zonas,TRUE,TRUE,Windows 11 Home,9999.00,novo,Lenovo Brasil / KaBuM!,83DF000XBR,https://psref.lenovo.com/product/legion/legion_pro_5_16irx9,Notebook Gamer Lenovo Legion Pro 5 16IRX9 Intel Core i7-14650HX 16GB 1TB SSD RTX 4060 8GB 16 WQXGA 240Hz Win 11,Legion Pro 5 16IRX9 83DF000XBR,Intel Core i7-14650HX (16 núcleos / 24 threads até 5.2 GHz),"16"" WQXGA (2560x1600) IPS 500nits Anti-glare, 100% sRGB, 240Hz, DisplayHDR 400, Dolby Vision, G-SYNC","Wi-Fi 6E, 11ax 2x2 + BT5.2",Teclado Legion TrueStrike ABNT2 retroiluminado RGB 4 zonas com numérico dedicado,https://psref.lenovo.com/product/legion/legion_pro_5_16irx9,completed,2026-08-26T20:30:00-03:00,2026-08-26T20:30:00-03:00
ASU-ROG-GA403UI-QS025W,ASUS,ROG,ROG Zephyrus G14,GA403UI,ASUS ROG Zephyrus G14 2024 GA403UI-QS025W AMD Ryzen 9 8945HS RTX 4070 32GB 1TB SSD,90NR0HY3-M001E0,GA403UI-QS025W,90NR0HY3-M001E0,7898573299883,7898573299883,ASUS ROG Zephyrus G14 GA403; Zephyrus G14 Ryzen 9 RTX 4070; GA403UI,AMD,Ryzen 9 8945HS,Série 8000 (Hawk Point com Ryzen AI),32,LPDDR5X 6400MHz,1024,SSD M.2 NVMe PCIe 4.0,NVIDIA GeForce RTX 4070 8GB GDDR6 (90W TGP),14.0,2880x1800,ROG Nebula Display OLED 3K 120Hz 500 nits 100% DCI-P3 G-SYNC (16:10),TRUE,Wi-Fi 6E (802.11ax 3-band 2x2),TRUE,Chiclet Gamer 1-Zone RGB,TRUE,RGB 1-Zona,FALSE,TRUE,Windows 11 Home,14999.00,novo,ASUS Brasil / KaBuM!,GA403UI-QS025W,https://rog.asus.com/br/laptops/rog-zephyrus/rog-zephyrus-g14-2024/,Notebook Gamer ASUS ROG Zephyrus G14 OLED 3K 120Hz AMD Ryzen 9 8945HS 32GB 1TB SSD RTX 4070 Win 11 Platinum White - GA403UI-QS025W,ROG Zephyrus G14 GA403UI-QS025W,"AMD Ryzen 9 8945HS (8 núcleos / 16 threads, até 5.2 GHz) com Ryzen AI NPU 16 TOPS","14.0"" 3K (2880 x 1800) OLED 16:10, 120Hz 0.2ms, 500 nits, 100% DCI-P3, G-SYNC, Pantone Validated",Wi-Fi 6E (802.11ax) (Triple band) 2*2 + Bluetooth 5.3,Teclado chiclet retroiluminado RGB 1-zona padrão ABNT2 com iluminação Slash Lighting na tampa,https://rog.asus.com/br/laptops/rog-zephyrus/rog-zephyrus-g14-2024/,completed,2026-08-26T20:30:00-03:00,2026-08-26T20:30:00-03:00
HP-PB450G10-843S9LA,HP,ProBook,ProBook 450,450 G10,HP ProBook 450 G10 843S9LA Intel Core i7 16GB 512GB SSD,843S9LA#AK4,843S9LA,843S9LA#AK4,197497463125,197497463125,HP ProBook 450 G10; ProBook i7-1355U; 843S9LA,Intel,Core i7-1355U,13ª Geração (Raptor Lake),16,DDR4 3200MHz,512,SSD PCIe NVMe M.2,Intel Iris Xe Graphics (96 EUs),15.6,1920x1080,IPS FHD 250 nits 45% NTSC antirreflexo,TRUE,Wi-Fi 6E (802.11ax 2x2 Intel AX211),TRUE,HP Premium resistente a derramamentos,TRUE,Branco,TRUE,TRUE,Windows 11 Pro,5699.00,novo,HP Brasil / KaBuM!,843S9LA,https://www.hp.com/br-pt/shop/notebook-hp-probook-450-g10-843s9la.html,Notebook HP ProBook 450 G10 Intel Core i7-1355U 16GB RAM 512GB SSD 15.6 Full HD Windows 11 Pro - 843S9LA,HP ProBook 450 G10 (843S9LA#AK4),Intel Core i7-1355U (10 núcleos / 12 threads até 5.0 GHz),"15.6"" diagonal FHD (1920 x 1080) IPS narrow bezel anti-glare 250 nits",Intel Wi-Fi 6E AX211 (2x2) and Bluetooth 5.3 wireless card,Teclado HP Premium ABNT2 resistente a derramamento com teclado numérico e retroiluminação,https://www.hp.com/br-pt/shop/notebook-hp-probook-450-g10-843s9la.html,completed,2026-08-26T20:30:00-03:00,2026-08-26T20:30:00-03:00
AVL-STORM550-MN000095,Avell,Storm,Storm 550,Storm 550,Avell Storm 550 MN000095 Intel Core i7-14650HX RTX 4060 16GB 1TB SSD,MN000095,MN000095,MN000095,7898712345091,7898712345091,Avell Storm 550; Storm 550 i7-14650HX RTX 4060; MN000095,Intel,Core i7-14650HX,14ª Geração (Raptor Lake Refresh),16,DDR5 5600MHz,1024,SSD M.2 NVMe PCIe 4.0,NVIDIA GeForce RTX 4060 8GB GDDR6 (140W TGP),16.0,2560x1600,WQXGA IPS 240Hz 500 nits 100% sRGB (16:10),TRUE,Wi-Fi 6E (802.11ax Intel AX211),TRUE,Membrana Gamer com numérico,TRUE,RGB 4 Zonas,TRUE,TRUE,Windows 11 Home,8999.00,novo,Avell Brasil,MN000095,https://avell.com.br/storm-550,Notebook Gamer Avell Storm 550 Intel Core i7 14ª Ger 16GB DDR5 RTX 4060 SSD 1TB 16 WQXGA 240Hz Win 11,Avell Storm 550 MN000095,Intel Core i7-14650HX (16 núcleos / 24 threads até 5.2 GHz),"16"" WQXGA (2560x1600) IPS 240Hz 500 nits 100% sRGB",Intel Wi-Fi 6E AX211 dual band + Bluetooth 5.3,Teclado padrão ABNT2 com numérico retroiluminado RGB 4 zonas,https://avell.com.br/storm-550,completed,2026-08-26T20:30:00-03:00,2026-08-26T20:30:00-03:00
LEN-LOQ-83GS00TYED,Lenovo,LOQ,LOQ 15,15IAX9,Lenovo LOQ 15IAX9 83GS00TYED,83GS00TYED,83GS00TYED,83GS00TYED,197532890123,197532890123,Lenovo LOQ 15IAX9; Lenovo 83GS; LOQ i5-12450HX RTX 3050,Intel,Core i5-12450HX,12ª Geração (Alder Lake-HX),16,DDR5 4800MHz,512,SSD M.2 2242 PCIe 4.0 NVMe,NVIDIA GeForce RTX 3050 6GB GDDR6,15.6,1920x1080,IPS 144Hz 300 nits antirreflexo 100% sRGB,TRUE,Wi-Fi 6 (802.11ax 2x2),TRUE,Membrana Gamer com numérico,TRUE,Branco,TRUE,TRUE,Windows 11 Home,4899.00,novo,Lenovo Brasil / Compumarts / KaBuM!,83GS,https://pcsupport.lenovo.com/us/en/products/laptops-and-netbooks/gaming-series/loq-15iax9/83gs,Lenovo LOQ 15IAX9 83GS Intel Core i5-12450HX RTX 3050 6GB 16GB DDR5 512GB SSD 15.6 FHD 144Hz IPS Win 11,LOQ 15IAX9 Type 83GS,Intel Core i5-12450HX (8 núcleos / 12 threads até 4.40 GHz),"15.6"" FHD (1920x1080) IPS 300nits Anti-glare, 100% sRGB, 144Hz, G-SYNC","Wi-Fi 6, 802.11ax 2x2 + Bluetooth 5.2",Teclado retroiluminado branco padrão ABNT2 com teclado numérico dedicado,https://pcsupport.lenovo.com/us/en/products/laptops-and-netbooks/gaming-series/loq-15iax9/83gs,completed,2026-08-26T21:53:43-03:00,2026-08-26T21:53:43-03:00
DEL-XPS16-9640-U7155H-4070,Dell,XPS,XPS 16,9640,Dell XPS 16 9640-brpxchcto9640mtl30w Ultra 7 RTX 4070,brpxchcto9640mtl30w,brpxchcto9640mtl30w,9640-7097,unknown,unknown,Dell XPS 16 9640; XPS 16 Core Ultra 7; XPS 9640 RTX 4070,Intel,Core Ultra 7 155H,Intel Core Ultra Série 1 (Meteor Lake),32,LPDDR5X 6400MHz Dual Channel,1024,SSD M.2 PCIe 4.0 NVMe,NVIDIA GeForce RTX 4070 8GB GDDR6,16.3,3840x2400,4K+ UHD+ OLED Touchscreen 400 nits 100% DCI-P3,TRUE,Intel Wi-Fi 7 BE200 (802.11be 2x2),TRUE,Touch capacitivo retroiluminado,TRUE,Branco,FALSE,TRUE,Windows 11 Home,19999.00,novo,Dell Brasil / Qual Notebook Comprar / Mercado Livre,MLB46280360,https://quenotebookcomprar.com.br/dell-xps-16-9640-brpxchcto9640mtl30w/,Dell XPS 16 9640-brpxchcto9640mtl30w Core Ultra 7-155H Série 1 GeForce RTX 4070 OLED 4K Touch,XPS 16 9640-brpxchcto9640mtl30w,Intel Core Ultra 7-155H (16 núcleos / 22 threads até 4.8 GHz com NPU),"16.3"" 4K+ UHD+ (3840 x 2400) OLED Touch Display 400 nits 100% DCI-P3",Intel Killer Wi-Fi 7 BE200 2x2 + Bluetooth 5.4,Teclado retroiluminado em português ABNT2 com leitor de digitais e barra de funções capacitiva,https://quenotebookcomprar.com.br/dell-xps-16-9640-brpxchcto9640mtl30w/,completed,2026-08-26T21:53:43-03:00,2026-08-26T21:53:43-03:00
ASU-TUF-FA507NU-LP093W,ASUS,TUF Gaming,TUF Gaming A15,FA507NU,ASUS TUF Gaming A15 FA507NU-LP093W,FA507NU-LP093W,FA507NU-DS74,90NR0EB5-M00270,7908078439681,7908078439681,ASUS TUF A15 FA507NU; TUF Gaming A15 Ryzen 7 7735HS RTX 4050; FA507NU,AMD,Ryzen 7 7735HS,Série 7000 (Zen 3+ Rembrandt R),16,DDR5 4800MHz,512,SSD M.2 NVMe PCIe 4.0,NVIDIA GeForce RTX 4050 6GB GDDR6,15.6,1920x1080,IPS 144Hz antirreflexo G-SYNC (250 nits),TRUE,Wi-Fi 6 (802.11ax 2x2),TRUE,Chiclet Gamer com numérico,TRUE,RGB 1 Zona,TRUE,TRUE,Windows 11 Home,5699.00,novo,KaBuM! / ASUS Brasil / Leroy Merlin,497084,https://www.kabum.com.br/produto/497084/notebook-gamer-asus-tuf-a15-amd-ryzen-7-7735hs-16gb-ram-rtx-4050-ssd-1tb-nvme-tela-15-full-hd-windows-11-home,Notebook Gamer ASUS TUF A15 AMD Ryzen 7 7735HS 16GB RAM RTX 4050 SSD 512GB Tela 15.6 FHD 144Hz IPS Windows 11 Home FA507NU,TUF Gaming A15 FA507NU-LP093W,"AMD Ryzen 7 7735HS (8 núcleos / 16 threads até 4.75 GHz, 16MB L3 Cache)","15.6"" Full HD (1920 x 1080) 144Hz IPS Level antirreflexo 250 nits G-SYNC",Wi-Fi 6 (802.11ax) dual band 2x2 + Bluetooth 5.3,Teclado Chiclet retroiluminado em RGB padrão ABNT2 com numérico e teclas WASD destacadas,https://www.kabum.com.br/produto/497084/notebook-gamer-asus-tuf-a15-amd-ryzen-7-7735hs-16gb-ram-rtx-4050-ssd-1tb-nvme-tela-15-full-hd-windows-11-home,completed,2026-08-26T21:53:43-03:00,2026-08-26T21:53:43-03:00
DEL-INS-I15-I1300-A30P,Dell,Inspiron,Inspiron 15,3530,Dell Inspiron 15 3530 i15-i1300-a30p,i15-i1300-a30p,i15-i1300-a30p,210-BHKK,7899864943210,7899864943210,Dell Inspiron 15 3530; Inspiron 3530 i5-1334U; i15-i1300-a30p,Intel,Core i5-1334U,13ª Geração (Raptor Lake),8,DDR4 2666MHz,512,SSD M.2 PCIe NVMe,Intel Iris Xe Graphics G7 (80 EUs),15.6,1920x1080,WVA 120Hz 250 nits antirreflexo ComfortView,TRUE,Wi-Fi 6 (802.11ax 2x2),TRUE,Membrana com teclado numérico,FALSE,,TRUE,TRUE,Windows 11 Home,3299.00,novo,Qual Notebook Comprar / Dell Brasil / Amazon Brasil,i15-i1300-a30p,https://quenotebookcomprar.com.br/dell-inspiron-i15-i1300-a30p/,Dell Inspiron i15-i1300-A30P i5 | SSD 512 GB | FHD WVA 120 Hz,Inspiron 15 3530 i15-i1300-A30P,Intel Core i5-1334U (10 núcleos / 12 threads até 4.60 GHz),"15,6"" Full HD (1920 x 1080 px) painel WVA 120 Hz 250 nits ComfortView",Intel Wi-Fi 6 802.11ax 2x2 + Bluetooth 5.3,Layout ABNT2 com teclado numérico integrado não retroiluminado,https://quenotebookcomprar.com.br/dell-inspiron-i15-i1300-a30p/,completed,2026-08-26T21:53:43-03:00,2026-08-26T21:53:43-03:00
ASU-ZBDUO-UX8406MA-PZ073W,ASUS,ZenBook,ZenBook Duo,UX8406MA,ASUS Zenbook DUO (2024) UX8406MA-PZ073W,90NB12U1-M003F0,UX8406MA-PZ073W,UX8406MA,4711387514986,4711387514986,ASUS Zenbook Duo 2024; Zenbook UX8406MA; Zenbook Duo Ultra 7,Intel,Core Ultra 7 155H,Intel Core Ultra Série 1 (Meteor Lake),16,LPDDR5X 7467MHz,1024,SSD M.2 PCIe 4.0 NVMe,Intel Arc Graphics (8 Xe Cores),14.0,2880x1800,"Dual 14.0"" 3K OLED 120Hz 500 nits 100% DCI-P3 Touch 16:10",TRUE,Wi-Fi 6E (802.11ax dual-band 2x2),TRUE,ErgoSense Bluetooth destacável,TRUE,Branco,FALSE,TRUE,Windows 11 Home,14999.00,novo,ASUS Brasil / Mercado Livre / Compumarts,UX8406MA,https://www.asus.com/br/laptops/for-home/zenbook/asus-zenbook-duo-2024-ux8406/,"Notebook ASUS Zenbook DUO (2024) UX8406MA Duas Telas 14"" OLED 3K 120Hz Intel Core Ultra 7 155H 16GB 1TB SSD",Zenbook DUO UX8406MA,Intel Core Ultra 7 155H (16 núcleos / 22 threads até 4.8 GHz com NPU AI Boost),"Duas telas 14,0"" 3K (2880 x 1800) OLED 16:10 120Hz 0.2ms 500nits 100% DCI-P3 Touch",Wi-Fi 6E (802.11ax) dual band 2x2 + Bluetooth 5.3,Teclado ErgoSense magnético destacável com Touchpad e retroiluminação LED,https://www.asus.com/br/laptops/for-home/zenbook/asus-zenbook-duo-2024-ux8406/,completed,2026-08-26T21:53:43-03:00,2026-08-26T21:53:43-03:00
LEN-TP-E16G1-21JN,Lenovo,ThinkPad,ThinkPad E16,E16 Gen 1 (Intel),Lenovo ThinkPad E16 Gen 1 21JN,21JN001GBR,21JN001GBR,21JN001GBR,197528148902,197528148902,"Lenovo ThinkPad E16 Gen 1; ThinkPad E16 21JN; ThinkPad i5-1335U 16""",Intel,Core i5-1335U,13ª Geração (Raptor Lake),16,DDR4 3200MHz,512,SSD M.2 PCIe NVMe Gen4,Intel Iris Xe Graphics (80 EUs),16.0,1920x1200,IPS 300 nits antirreflexo WUXGA (16:10) 45% NTSC,TRUE,Wi-Fi 6 (802.11ax 2x2),TRUE,ThinkPad Precision com TrackPoint e numérico,TRUE,Branco,TRUE,TRUE,Windows 11 Pro,5299.00,novo,Lenovo Brasil / PSREF,21JN,https://pcsupport.lenovo.com/us/en/products/laptops-and-netbooks/thinkpad-edge-laptops/thinkpad-e16-gen-1-type-21jn-21jq,Lenovo ThinkPad E16 Gen 1 21JN Intel Core i5-1335U 16GB RAM 512GB SSD 16 WUXGA IPS Win 11 Pro,ThinkPad E16 Gen 1 Type 21JN,Intel Core i5-1335U (10 núcleos / 12 threads até 4.60 GHz),"16.0"" WUXGA (1920 x 1200) IPS 300 nits Anti-glare 16:10",Wi-Fi 6 (802.11ax 2x2) + Bluetooth 5.1,"Teclado ABNT2 com teclado numérico e TrackPoint, retroiluminado e resistente a respingos",https://pcsupport.lenovo.com/us/en/products/laptops-and-netbooks/thinkpad-edge-laptops/thinkpad-e16-gen-1-type-21jn-21jq,completed,2026-08-26T21:53:43-03:00,2026-08-26T21:53:43-03:00
DEL-VOS-3430-V14-P10P,Dell,Vostro,Vostro 14,3430,Dell Vostro 14 3430 V14-3430-P10P,V14-3430-P10P,V14-3430-P10P,210-BGWW,7899864941124,7899864941124,Dell Vostro 3430; Vostro 14 3430; Vostro i5-1335U,Intel,Core i5-1335U,13ª Geração (Raptor Lake),16,DDR4 3200MHz,512,SSD M.2 PCIe NVMe,Intel Iris Xe Graphics (80 EUs),14.0,1920x1080,WVA / IPS 250 nits antirreflexo ComfortView,TRUE,Wi-Fi 6 (802.11ax 2x2),TRUE,Membrana resistente a respingos,FALSE,,FALSE,TRUE,Windows 11 Pro,3699.00,novo,Dell Brasil / KaBuM!,V14-3430-P10P,https://www.dell.com/pt-br/shop/notebooks-dell/notebook-vostro-14-3430/spd/vostro-14-3430-laptop,Notebook Dell Vostro 14 3430 Intel Core i5-1335U 16GB RAM 512GB SSD 14.0 Full HD WVA Win 11 Pro,Vostro 14 3430,"Intel Core i5-1335U (10 núcleos / 12 threads até 4.60 GHz, 12MB Cache)","14.0"" Full HD (1920 x 1080) WVA antirreflexo com ComfortView 250 nits",Intel Wi-Fi 6 AX201 802.11ax 2x2 + Bluetooth 5.2,Teclado em português ABNT2 resistente a derramamento de líquidos sem numérico,https://www.dell.com/pt-br/shop/notebooks-dell/notebook-vostro-14-3430/spd/vostro-14-3430-laptop,completed,2026-08-26T21:53:43-03:00,2026-08-26T21:53:43-03:00
LG-UPC16-16U70Q-G-AP55P1,LG,UltraPC,UltraPC 16,16U70Q,LG UltraPC 16 16U70Q-G.AP55P1,16U70Q-G.AP55P1,16U70Q-G.AP55P1,16U70Q,7893299940126,7893299940126,LG UltraPC 16; LG 16U70Q; UltraPC Ryzen 5 5500U,AMD,Ryzen 5 5500U,Série 5000 (Lucienne),16,LPDDR4X 4266MHz,512,SSD NVMe M.2,AMD Radeon RX Vega 7,16.0,1920x1200,IPS antirreflexo 300 nits WUXGA (16:10),TRUE,Wi-Fi 6 (802.11ax 2x2),TRUE,Membrana com teclado numérico integrado,TRUE,Branco,TRUE,TRUE,Windows 11 Home,3899.00,novo,LG Brasil / KaBuM! / Fast Shop,16U70Q,https://www.lg.com/br/computadores/lg-16u70q-g-ap55p1/,LG UltraPC 16U70Q AMD Ryzen 5 5500U 16GB RAM 512GB SSD Tela 16 WUXGA IPS 16:10 Win 11 Cinza,LG UltraPC 16U70Q-G.AP55P1,AMD Ryzen 5 5500U (6 núcleos / 12 threads até 4.0 GHz),"16"" WUXGA (1920 x 1200) IPS antirreflexo 300 nits proporção 16:10",Wi-Fi 6 (802.11ax) 2x2 + Bluetooth 5.1,Teclado ABNT2 retroiluminado com teclado numérico dedicado,https://www.lg.com/br/computadores/lg-16u70q-g-ap55p1/,completed,2026-08-26T21:53:43-03:00,2026-08-26T21:53:43-03:00
LEN-LEG-PRO7-83DE009KSB,Lenovo,Legion,Legion Pro 7,16IRX9H,Lenovo Legion Pro 7i 16IRX9H 83DE009KSB,83DE009KSB,83DE009KSB,83DE009KSB,unknown,unknown,Lenovo Legion Pro 7i 16IRX9H; Lenovo 83DE; Legion Pro 7 i9 RTX 4080,Intel,Core i9-14900HX,14ª Geração (Raptor Lake Refresh),32,DDR5 5600MHz (2x 16GB SODIMM),1024,SSD M.2 2280 PCIe 4.0x4 NVMe,NVIDIA GeForce RTX 4080 12GB GDDR6 (175W TGP),16.0,2560x1600,IPS 240Hz 500 nits 100% DCI-P3 DisplayHDR 400 G-Sync,TRUE,Wi-Fi 6E (Intel Killer 802.11ax 2x2),TRUE,Legion TrueStrike Gamer com numérico,TRUE,RGB por tecla (Per-Key RGB),TRUE,TRUE,Windows 11 Home,19999.00,novo,Lenovo Brasil / PSREF / KaBuM!,83DE,https://psref.lenovo.com/Product/Legion/Legion_Pro_7_16IRX9H?MT=83DE,Lenovo Legion Pro 7 16IRX9H Intel Core i9-14900HX 32GB 1TB SSD RTX 4080 16 WQXGA 240Hz IPS Win 11,Legion Pro 7 16IRX9H (Type 83DE),"Intel Core i9-14900HX (24 núcleos / 32 threads, até 5.80 GHz, 36MB cache)","16.0"" WQXGA (2560x1600) IPS 500nits Anti-glare, 100% DCI-P3, 240Hz, DisplayHDR 400, Dolby Vision, G-SYNC","Wi-Fi 6E, 11ax 2x2 + BT5.3",Teclado Legion TrueStrike ABNT2 com numérico e iluminação RGB por tecla,https://psref.lenovo.com/Product/Legion/Legion_Pro_7_16IRX9H?MT=83DE,completed,2026-08-26T22:38:56-03:00,2026-08-26T22:38:56-03:00
DEL-AW-M16R2-AW16-U9185H-M30P,Dell,Alienware,Alienware m16 R2,m16 R2,Dell Alienware m16 R2 aw16-u9185h-m30p,aw16-u9185h-m30p,609801,aw16-u9185h-m30p,unknown,unknown,Dell Alienware m16 R2; Alienware m16 R2 Core Ultra 9; aw16-u9185h-m30p,Intel,Core Ultra 9 185H,Intel Core Ultra Série 1 (Meteor Lake),32,DDR5 5600MHz (2x 16GB),1024,SSD M.2 PCIe NVMe Classe 40,NVIDIA GeForce RTX 4070 8GB GDDR6,16.0,2560x1600,QHD+ IPS 240Hz 3ms 300 nits 100% sRGB G-Sync (16:10),TRUE,Wi-Fi 7 (Intel BE200 / Killer 802.11be 2x2),TRUE,AlienFX Gamer Chiclet,TRUE,RGB por tecla (AlienFX),FALSE,TRUE,Windows 11 Home,14999.00,novo,Dell Brasil / KaBuM!,609801,https://www.kabum.com.br/produto/609801/notebook-dell-alienware-m16-r2-aw16-u9185h-m30p-16-qhd-intel-core-ultra-9-32gb-1tb-ssd-rtx-4070-win-11,Notebook Dell Alienware M16 R2 Aw16-u9185h-m30p 16 QHD Intel Core Ultra 9 32GB 1TB SSD RTX 4070 Win 11,Alienware m16 R2 (aw16-u9185h-m30p),"Intel Core Ultra 9 185H (16 núcleos / 22 threads, até 5.10 GHz, 24MB cache)","16"", QHD+ 2560 x 1600, 240 Hz, sem touchscreen, antirreflexo, 300 nits, 100% sRGB, NVIDIA G-SYNC",Wi-Fi 7 Intel BE200 2x2 + Bluetooth 5.4,Teclado em português ABNT2 retroiluminado por tecla AlienFX RGB com modo Stealth,https://www.kabum.com.br/produto/609801/notebook-dell-alienware-m16-r2-aw16-u9185h-m30p-16-qhd-intel-core-ultra-9-32gb-1tb-ssd-rtx-4070-win-11 | https://www.dell.com/pt-br/shop/notebooks-gamer/notebook-gamer-alienware-m16-r2/spd/alienware-m16-r2-laptop,completed,2026-08-26T22:38:56-03:00,2026-08-26T22:38:56-03:00
ACE-SWIFTEDGE-SFE16-43-R7,Acer,Swift,Swift Edge 16,SFE16-43,Acer Swift Edge 16 SFE16-43-R7 AMD Ryzen 7 7840U,SFE16-43,SFE16-43,NX.KM4AL.001,unknown,unknown,Acer Swift Edge 16; Swift Edge SFE16-43; Swift Edge Ryzen 7 7840U OLED,AMD,Ryzen 7 7840U,Série 7040 (Zen 4 Phoenix),16,LPDDR5 6400MHz Dual Channel,1024,SSD M.2 PCIe 4.0 NVMe x4,AMD Radeon 780M,16.0,3200x2000,3.2K OLED 120Hz 500 nits 100% DCI-P3 VESA DisplayHDR True Black 500,TRUE,Wi-Fi 7 (Qualcomm FastConnect 7800 802.11be),TRUE,Membrana Ultrafino com numérico,TRUE,Branco,TRUE,TRUE,Windows 11 Home,8499.00,novo,Acer Brasil / Canaltech / KaBuM!,SFE16-43,https://www.acer.com/br-pt/laptops/swift/swift-edge,Notebook Acer Swift Edge 16 SFE16-43 AMD Ryzen 7 7840U 16GB 1TB SSD Tela 16 3.2K OLED 120Hz Wi-Fi 7 Win 11,Swift Edge 16 (SFE16-43),"AMD Ryzen 7 7840U (8 núcleos / 16 threads, até 5.10 GHz, 16MB cache, Ryzen AI NPU)","16.0"" 3.2K (3200 x 2000) 16:10 OLED 120Hz 0.2ms 500 nits 100% DCI-P3",Wi-Fi 7 Qualcomm FastConnect 7800 802.11be + Bluetooth 5.3,Layout ABNT2 retroiluminado na cor branca com teclado numérico dedicado,https://www.acer.com/br-pt/laptops/swift/swift-edge | https://canaltech.com.br/notebook/acer-swift-edge-16-lancamento-preco-ficha-tecnica-250746/,completed,2026-08-26T22:38:56-03:00,2026-08-26T22:38:56-03:00
SAM-GB4P-NP940XGK-KG2BR,Samsung,Galaxy Book,Galaxy Book4 Pro,NP940XGK,Samsung Galaxy Book4 Pro 14 NP940XGK-KG2BR,NP940XGK-KG2BR,NP940XGK-KG2BR,NP940XGK-KG2BR,7892509133890,7892509133890,Samsung Galaxy Book4 Pro 14; Galaxy Book4 Pro Ultra 5; NP940XGK-KG2,Intel,Core Ultra 5 125H,Intel Core Ultra Série 1 (Meteor Lake),16,LPDDR5X 7467MHz Onboard,512,SSD NVMe M.2 PCIe Gen4,Intel Arc Graphics (7-Cores iGPU),14.0,2880x1800,3K Dynamic AMOLED 2X 120Hz 400 nits 120% DCI-P3 Touchscreen antirreflexo (16:10),TRUE,Wi-Fi 6E (802.11ax 2x2),TRUE,Pro Chiclet com leitor biométrico,TRUE,Branco,FALSE,TRUE,Windows 11 Home,7499.00,novo,Samsung Brasil / Mercado Livre,MLB44070670,https://www.samsung.com/br/computers/samsung-book/galaxy-book4-pro-14-inch-ultra-5-16gb-512gb-np940xgk-kg2br/,Notebook Samsung Galaxy Book4 Pro 14 Intel Core Ultra 5 125H 16GB 512GB SSD Tela 3K Dynamic AMOLED 2X 120Hz Win 11,"Galaxy Book4 Pro 14"" (NP940XGK-KG2BR)","Intel Core Ultra 5 125H (14 núcleos / 18 threads até 4.50 GHz, Intel AI Boost NPU)","14.0"" 3K (2880 x 1800) Dynamic AMOLED 2X Touchscreen 120Hz 400 nits VRR 48-120Hz","Wi-Fi 6E (Gig+), 802.11 ax 2x2 + Bluetooth v5.3",Layout ABNT2 Pro em português com teclado retroiluminado e leitor de impressão digital,https://www.samsung.com/br/computers/samsung-book/galaxy-book4-pro-14-inch-ultra-5-16gb-512gb-np940xgk-kg2br/ | https://www.mercadolivre.com.br/notebook-samsung-galaxy-book4-pro-windows-11-home-intel-core-ultra-5-125h-16gb-512gb-ssd-14-full-hd-amoled-touchscreen-123-kg/p/MLB44070670,completed,2026-08-26T22:38:56-03:00,2026-08-26T22:38:56-03:00
LEN-LEG-SLIM5-83DH0062PB,Lenovo,Legion,Legion Slim 5,16AHP9,Lenovo Legion Slim 5 16AHP9 83DH0062PB,83DH0062PB,83DH0062PB,83DH0062PB,unknown,unknown,Lenovo Legion Slim 5 16AHP9; Lenovo 83DH; Legion Slim 5 Ryzen 7 8845HS RTX 4060,AMD,Ryzen 7 8845HS,Série 8040 (Hawk Point Zen 4),16,DDR5 5600MHz (2x 8GB SODIMM),512,SSD M.2 2280 PCIe 4.0x4 NVMe,NVIDIA GeForce RTX 4060 8GB GDDR6 (140W TGP),16.0,2560x1600,IPS 165Hz 350 nits 100% sRGB Dolby Vision G-Sync (16:10),TRUE,Wi-Fi 6E (802.11ax 2x2),TRUE,Legion TrueStrike Gamer com numérico,TRUE,Branco,TRUE,TRUE,Windows 11 Home,8999.00,novo,Lenovo Brasil / PSREF,83DH,https://psref.lenovo.com/Product/Legion/Legion_Slim_5_16AHP9?MT=83DH,Lenovo Legion Slim 5 16AHP9 AMD Ryzen 7 8845HS 16GB 512GB SSD RTX 4060 16 WQXGA 165Hz IPS Win 11,Legion Slim 5 16AHP9 (Type 83DH),"AMD Ryzen 7 8845HS (8 núcleos / 16 threads até 5.10 GHz, 16MB cache, AMD Ryzen AI NPU)","16"" WQXGA (2560x1600) IPS 350nits Anti-glare, 100% sRGB, 165Hz, Dolby Vision, FreeSync Premium, G-SYNC","Wi-Fi 6E, 11ax 2x2 + BT5.2",Teclado Legion TrueStrike ABNT2 retroiluminado na cor branca com teclado numérico integrado,https://psref.lenovo.com/Product/Legion/Legion_Slim_5_16AHP9?MT=83DH,completed,2026-08-26T22:38:56-03:00,2026-08-26T22:38:56-03:00
ASU-ZS13-UX5304VA-NQ271W,ASUS,ZenBook,ZenBook S 13,UX5304VA,ASUS Zenbook S 13 OLED UX5304VA-NQ271W,90NB0Z91-M008E0,UX5304VA-NQ271W,UX5304VA-NQ271W,7898573299753,7898573299753,ASUS Zenbook S 13 OLED; ZenBook UX5304; UX5304VA i7-1355U OLED,Intel,Core i7-1355U,13ª Geração (Raptor Lake) Intel Evo,32,LPDDR5 5200MHz Onboard,1024,SSD M.2 NVMe PCIe 4.0,Intel Iris Xe Graphics G7 (96 EUs),13.3,2880x1800,2.8K ASUS Lumina OLED 60Hz 550 nits 100% DCI-P3 HDR True Black 500 (16:10),TRUE,Wi-Fi 6E (802.11ax dual band 2x2),TRUE,ErgoSense Chiclet ultrafino,TRUE,Branco,FALSE,TRUE,Windows 11 Home,9999.00,novo,ASUS Brasil / Qual Notebook Comprar,UX5304VA-NQ271W,https://www.asus.com/br/laptops/for-home/zenbook/asus-zenbook-s-13-oled-ux5304/,Notebook ASUS Zenbook S 13 OLED UX5304VA Intel Core i7-1355U 32GB 1TB SSD 13.3 2.8K OLED Win 11,Zenbook S 13 OLED (UX5304VA-NQ271W),"Intel Core i7-1355U (10 núcleos / 12 threads até 5.00 GHz, 12MB cache)","13,3 pol, 2.8K (2880 x 1800) OLED 16:10, 0.2 ms, 60 Hz, pico 550 nits, 100% DCI-P3, HDR True Black 500",Wi-Fi 6E (802.11ax) dual-band 2x2 + Bluetooth 5.3,"Teclado ErgoSense ABNT2 retroiluminado na cor branca com deslocamento de tecla de 1,1 mm",https://www.asus.com/br/laptops/for-home/zenbook/asus-zenbook-s-13-oled-ux5304/ | https://quenotebookcomprar.com.br/review-asus-zenbook-s-13-oled-ux5304va-nq271w/,completed,2026-08-26T22:38:56-03:00,2026-08-26T22:38:56-03:00
VAI-FH15-VJFH52F11X-B0821H,VAIO,FH15,FH15,VJFH52F11X,VAIO FH15 VJFH52F11X-B0821H Core i7 RTX 3050,VJFH52F11X-B0821H,VJFH52F11X-B0821H,VJFH52F11X-B0821H,7908068810568,7908068810568,VAIO FH15; VAIO FH15 i7-13700H RTX 3050; VJFH52F11X,Intel,Core i7-13700H,13ª Geração (Raptor Lake),32,DDR4 3200MHz (2x 16GB Dual Channel),1024,SSD M.2 NVMe Gen4 x4,NVIDIA GeForce RTX 3050 4GB GDDR6,15.6,1920x1080,LED Full HD WVA / IPS 144Hz antirreflexo 220 nits,TRUE,Wi-Fi 6 (802.11ax),TRUE,Membrana Gamer com numérico,TRUE,RGB Multicolorido,TRUE,TRUE,Windows 11 Home,5999.00,novo,Positivo / VAIO Brasil / Qual Notebook Comprar,VJFH52F11X-B0821H,https://quenotebookcomprar.com.br/review-vaio-fh15-vjfh52f11x-b0821h/,Notebook VAIO FH15 VJFH52F11X-B0821H Intel Core i7-13700H 32GB RAM 1TB SSD RTX 3050 15.6 FHD 144Hz WVA Win 11,VAIO FH15 (VJFH52F11X-B0821H),"Intel Core i7-13700H (14 núcleos / 20 threads até 5.00 GHz, 24MB cache)","16:9 LED 15,6"" pol. Full HD (1920 x 1080 px) Painel WVA 144 Hz 220 nits antirreflexo",Wi-Fi 6 (802.11ax) + Bluetooth 5.2,Layout ABNT2 com numérico dedicado e iluminação retroiluminada RGB multicolorida,https://quenotebookcomprar.com.br/review-vaio-fh15-vjfh52f11x-b0821h/ | https://site.fastshop.com.br/notebook-vaio-fh15-intel%C2%AE-core%E2%84%A2-i7-13620h-windows-11-home-nvidia-rtx-4050-32gb-ram-1tb-ssd-156%E2%80%9D-full-hd-wva-wi-fi-6-154248/p,completed,2026-08-26T22:38:56-03:00,2026-08-26T22:38:56-03:00
ACE-VERO-AV15-53P-51MR,Acer,Aspire,Aspire Vero,AV15-53P,Acer Aspire Vero AV15-53P-51MR Core i5-1335U,NX.KPUAL.003,AV15-53P-51MR,NX.KPUAL.003,4711121953927,4711121953927,Acer Aspire Vero 15; Aspire Vero AV15-53P; NX.KPUAL.003; Vero i5-1335U,Intel,Core i5-1335U,13ª Geração (Raptor Lake),8,LPDDR5 4800MHz Onboard,512,SSD NVMe M.2 PCIe Gen4,Intel Iris Xe Graphics G7 (80 EUs),15.6,1920x1080,LED IPS Full HD 300 nits antirreflexo Acer ComfyView (16:9),TRUE,Wi-Fi 6E (802.11ax dual-band 2x2),TRUE,Membrana Ecológico em plástico PCR com numérico,TRUE,Branco,TRUE,TRUE,Windows 11 Pro,3699.00,novo,Acer Brasil / Fujioka Distribuidor / Carrefour,NX.KPUAL.003,https://www.acer.com/br-pt/laptops/aspire/aspire-vero/pdp/NX.KPUAL.003,Notebook Acer Aspire Vero AV15-53P-51MR Intel Core i5-1335U 8GB RAM 512GB SSD 15.6 Full HD IPS Windows 11 Pro Verde,Aspire Vero 15 (AV15-53P-51MR / NX.KPUAL.003),"Intel Core i5-1335U (10 núcleos / 12 threads até 4.60 GHz, 12MB cache)","15.6"" Full HD (1920 x 1080) LED IPS antirreflexo 300 nits 16:9",Wi-Fi 6E 802.11ax dual-band + Bluetooth 5.2,Português Brasil ABNT2 retroiluminado com teclado numérico dedicado e teclas em plástico reciclado pós-consumo (PCR),https://www.acer.com/br-pt/laptops/aspire/aspire-vero/pdp/NX.KPUAL.003 | https://www.fujiokadistribuidor.com.br/notebook-acer-ci513-8g-512g-15-wpro-51mr-windows-11-professional-full-hd-ips-intel-core-i51335u-de-13-geracao/p,completed,2026-08-26T22:38:56-03:00,2026-08-26T22:38:56-03:00
DEL-INS-14P-7440-U7155H,Dell,Inspiron,Inspiron 14 Plus,7440,Dell Inspiron 14 Plus 7440 Intel Core Ultra 7 155H,7440-INS-2204,7440-INS-2204,7440-INS-2204,unknown,unknown,Dell Inspiron 14 Plus 7440; Inspiron 7440 Ultra 7; 7440-INS,Intel,Core Ultra 7 155H,Intel Core Ultra Série 1 (Meteor Lake),16,LPDDR5X 6400MHz Dual Channel,1024,SSD M.2 PCIe NVMe,Intel Arc Graphics (8-Cores iGPU),14.0,2240x1400,2.2K WVA / IPS 300 nits antirreflexo ComfortView Plus 100% sRGB (16:10),TRUE,Wi-Fi 6E (Intel AX211 802.11ax 2x2),TRUE,Chiclet com leitor biométrico,TRUE,Branco,FALSE,TRUE,Windows 11 Home,6499.00,novo,Dell Brasil / Microless / Reddit,7440-INS-2204,https://www.dell.com/support/kbdoc/pt-br/000223944/como-identificar-computadores-windows-habilitados-para-ia,Dell Inspiron 14 Plus 7440 Laptop 14 2.2K ComfortView Plus WVA Display Intel Core Ultra 7 155H 16GB RAM 1TB SSD Win 11,Inspiron 14 Plus 7440 (7440-INS-2204),"Intel Core Ultra 7 155H (16 núcleos / 22 threads até 4.80 GHz, Intel AI Boost NPU)","14"" 2.2K (2240 x 1400) 16:10 Anti-Glare 300nits WVA/IPS Display with ComfortView Plus","Intel Wi-Fi 6E AX211, 2x2, 802.11ax + Bluetooth 5.3",Teclado em português ABNT2 retroiluminado na cor branca com leitor de impressão digital integrado,https://www.dell.com/support/kbdoc/pt-br/000223944/como-identificar-computadores-windows-habilitados-para-ia,completed,2026-08-26T22:38:56-03:00,2026-08-26T22:38:56-03:00
DEL-LAT-3540-I51335U-CN1D2,Dell,Latitude,Latitude 3000,Latitude 3540,Dell Latitude 3540 Intel Core i5-1335U CN1D2,CN1D2,CN1D2,CN1D2,884116455387,884116455387,Dell Latitude 3540; Latitude 15 3540; Latitude 3540 i5-1335U,Intel,Core i5-1335U,13ª Geração (Raptor Lake),16,DDR4 3200MHz (2x 8GB SO-DIMM),512,SSD M.2 2280 PCIe NVMe,Intel Iris Xe Graphics G7 (80 EUs),15.6,1920x1080,LED Full HD IPS antirreflexo 250 nits 45% NTSC (16:9),TRUE,Wi-Fi 6E (802.11ax),TRUE,Membrana Corporativo com numérico,FALSE,,TRUE,TRUE,Windows 11 Pro,4899.00,novo,Dell Brasil / Mercado Livre,MLB27706645,https://www.dell.com/pt-br/shop/notebooks-dell/notebook-latitude-3540/spd/latitude-15-3540-laptop,Notebook Dell Latitude 3540 Intel Core i5-1335U 16GB RAM 512GB SSD 15.6 Full HD IPS Windows 11 Pro Cinza Escuro CN1D2,Latitude 3540 (CN1D2),"Intel Core i5-1335U (10 núcleos / 12 threads até 4.60 GHz, 12MB cache)","15.6"" Full HD (1920 x 1080) antirreflexo IPS 250 nits 45% NTSC 60Hz",Wi-Fi 6E (802.11ax) + Bluetooth + Ethernet Gigabit RJ-45,Teclado em português Brasil ABNT2 com teclado numérico dedicado não retroiluminado,https://www.dell.com/pt-br/shop/notebooks-dell/notebook-latitude-3540/spd/latitude-15-3540-laptop | https://www.mercadolivre.com.br/notebook-dell-latitude-3540-i5-1335u-32gb-ssd-480gb-w11p-cor-cinza/p/MLB27706645,completed,2026-08-26T22:38:56-03:00,2026-08-26T22:38:56-03:00
ACE-NV16-ANV16-41-R2YJ,Acer,Nitro,Nitro V 16,ANV16-41,Acer Nitro V 16 ANV16-41-R2YJ AMD Ryzen 7 8845HS,NH.QRUEM.002,ANV16-41-R2YJ,NH.QRUEM.002,unknown,unknown,Acer Nitro V 16; Nitro V16 ANV16-41; Nitro V16 Ryzen 7 8845HS RTX 4060,AMD,Ryzen 7 8845HS,Série 8040 (Hawk Point Zen 4),16,DDR5 5600MHz (2x 8GB SODIMM),512,SSD M.2 PCIe 4.0 NVMe x4,NVIDIA GeForce RTX 4060 8GB GDDR6,16.0,1920x1200,LED IPS 165Hz 300 nits 100% sRGB antirreflexo (16:10),TRUE,Wi-Fi 6E (802.11ax dual-band 2x2),TRUE,FineTip Gamer com numérico,TRUE,Laranja / Âmbar,TRUE,TRUE,Windows 11 Home,6999.00,novo,Acer Brasil / KaBuM!,NH.QRUEM.002,https://www.acer.com/br-pt/laptops/nitro/nitro-v-16-amd,Notebook Gamer Acer Nitro V 16 ANV16-41-R2YJ AMD Ryzen 7 8845HS 16GB DDR5 512GB SSD RTX 4060 16 WUXGA 165Hz IPS Win 11,Nitro V 16 (ANV16-41-R2YJ / NH.QRUEM.002),"AMD Ryzen 7 8845HS (8 núcleos / 16 threads até 5.10 GHz, 16MB cache, AMD Ryzen AI NPU)","16:10 16,0"" WUXGA (1920 x 1200 px) Painel IPS 165 Hz 300 nits 100% sRGB",Wi-Fi 6E 802.11ax dual-band + Bluetooth 5.3,FineTip em português ABNT2 com teclado numérico dedicado retroiluminado em cor âmbar/laranja,https://www.acer.com/br-pt/laptops/nitro/nitro-v-16-amd | https://global.microless.com/product/acer-anv16-41-r2yj-nitro-v-16-laptop-16-wuxga-ips-display-ryzen-7-8845hs-processor-16gb-ram-512gb-ssd-geforce-rtx-4060-8gb-gpu-english-keyboard-free-dos-black-nh-qruem-002/,completed,2026-08-26T22:38:56-03:00,2026-08-26T22:38:56-03:00
LEN-TP-X1CG12-21KC005VBR,Lenovo,ThinkPad,ThinkPad X1 Carbon,X1 Carbon Gen 12 (Type 21KC),Lenovo ThinkPad X1 Carbon Gen 12 21KC005VBR,21KC005VBR,21KC005VBR,21KC005VBR,unknown,unknown,Lenovo ThinkPad X1 Carbon Gen 12; ThinkPad X1 Carbon G12 21KC; ThinkPad Core Ultra 7 155H 21KC,Intel,Core Ultra 7 155H,Intel Core Ultra Série 1 (Meteor Lake),32,LPDDR5X 6400MHz soldado,1024,SSD M.2 2280 PCIe 4.0x4 Performance NVMe Opal 2.0,Intel Arc Graphics (8 Xe-cores),14,1920x1200,WUXGA IPS antirreflexo 400 nits 100% sRGB Low Power Eyesafe,TRUE,Wi-Fi 6E (Intel AX211 802.11ax 2x2),TRUE,ThinkPad TrackPoint com leitor biométrico,TRUE,Branco,FALSE,TRUE,Windows 11 Pro,14999,novo,Lenovo Brasil / PSREF,21KC005VBR,https://psref.lenovo.com/Product/ThinkPad/ThinkPad_X1_Carbon_Gen_12,Lenovo ThinkPad X1 Carbon Gen 12 Intel Core Ultra 7 155H 32GB 1TB SSD 14 WUXGA IPS Win 11 Pro ABNT2,ThinkPad X1 Carbon Gen 12 Type 21KC,Intel Core Ultra 7 155H (16 núcleos / 22 threads até 4.80 GHz) com NPU Intel AI Boost,"14"" WUXGA (1920x1200) IPS 400nits Anti-glare, 100% sRGB, Low Power, Eyesafe Certified 2.0","Intel Wi-Fi 6E AX211, 11ax 2x2 + BT5.3",Layout ABNT2 em português retroiluminado resistente a líquidos com TrackPoint e leitor biométrico,https://psref.lenovo.com/Product/ThinkPad/ThinkPad_X1_Carbon_Gen_12 ; https://www.lenovo.com/br/pt/p/laptops/thinkpad/thinkpadx1/thinkpad-x1-carbon-gen-12-(14-inch-intel)/len101t0083,completed,2026-08-26T23:44:11-03:00,2026-08-26T23:44:11-03:00
ASU-ROG-GA403UI-QS042W,ASUS,ROG,ROG Zephyrus G14,GA403UI,ASUS ROG Zephyrus G14 GA403UI-QS042W,90NR0HY3-M00250,GA403UI-QS042W,GA403UI-QS042W,7898573299951,7898573299951,ASUS ROG Zephyrus G14 2024; Zephyrus G14 GA403UI; G14 Ryzen 9 8945HS RTX 4070,AMD,Ryzen 9 8945HS,AMD Ryzen Série 8040 (Hawk Point Zen 4),32,LPDDR5X 6400MHz onboard,1024,SSD M.2 NVMe PCIe 4.0,NVIDIA GeForce RTX 4070 8GB GDDR6 (90W TGP),14,2880x1800,3K OLED 120Hz ROG Nebula Display 500 nits 100% DCI-P3 0.2ms G-Sync,TRUE,Wi-Fi 6E (802.11ax triple band 2x2),TRUE,Chiclet Gamer 1-Zone RGB,TRUE,RGB 1-Zone,FALSE,TRUE,Windows 11 Home,16999,novo,ASUS Brasil / KaBuM!,GA403UI-QS042W,https://rog.asus.com/br/laptops/rog-zephyrus/rog-zephyrus-g14-2024/,Notebook Gamer ASUS ROG Zephyrus G14 GA403UI AMD Ryzen 9 8945HS 32GB RAM RTX 4070 SSD 1TB 14 3K OLED 120Hz Win 11 Cinza Eclipse,ROG Zephyrus G14 (2024) GA403UI,"AMD Ryzen 9 8945HS (8 núcleos / 16 threads, até 5.2 GHz) com Ryzen AI NPU 16 TOPS","14"" 3K (2880 x 1800) OLED 16:10 120Hz 0.2ms 500 nits 100% DCI-P3 ROG Nebula Display",Wi-Fi 6E (802.11ax) (Triple band) 2*2 + Bluetooth 5.3,Teclado Chiclet retroiluminado RGB 1-Zone padrão Português ABNT2 com teclas de atalho ROG,https://rog.asus.com/br/laptops/rog-zephyrus/rog-zephyrus-g14-2024/ ; https://www.kabum.com.br,completed,2026-08-26T23:44:11-03:00,2026-08-26T23:44:11-03:00
DEL-PREC-5490-U7155H-ADA1000,Dell,Precision,Precision 5000,Precision 5490,Dell Precision 5490 Mobile Workstation Intel Core Ultra 7 155H RTX 1000 Ada,210-BLXP,Precision 5490,Precision 5490,unknown,unknown,Dell Precision 5490; Precision 5490 Core Ultra 7; Dell Workstation 5490 RTX Ada,Intel,Core Ultra 7 155H,Intel Core Ultra Série 1 (Meteor Lake),32,LPDDR5X 7467MHz soldada,1024,SSD M.2 2280 PCIe 4.0 NVMe Classe 40,NVIDIA RTX 1000 Ada Generation 6GB GDDR6,14,1920x1200,FHD+ WVA/IPS antirreflexo 500 nits 100% sRGB Low Blue Light,TRUE,Wi-Fi 7 (Intel BE200 802.11be 2x2),TRUE,Chiclet Corporativo com leitor biométrico,TRUE,Branco,FALSE,TRUE,Windows 11 Pro,18499,novo,Dell Brasil Oficial,210-BLXP,https://www.dell.com/pt-br/shop/notebooks-dell/sf/precision-laptops,Mobile Workstation Dell Precision 5490 Intel Core Ultra 7 155H 32GB RAM SSD 1TB NVIDIA RTX 1000 Ada 6GB 14 FHD+ WVA Win 11 Pro,Precision 5490 Mobile Workstation,"Intel Core Ultra 7 155H vPro Essentials (16 núcleos / 22 threads, até 4.80 GHz) com NPU Intel AI Boost","14.0"" 16:10 FHD+ (1920 x 1200) Anti-Glare Non-Touch 500 nits WVA Display 100% sRGB",Placa de rede sem fio Intel BE200 Wi-Fi 7 2x2 e Bluetooth 5.4,Teclado em português ABNT2 retroiluminado com leitor de impressão digital integrado,https://www.dell.com/pt-br/shop/notebooks-dell/sf/precision-laptops ; https://www.dell.com/en-us/shop/dell-laptops/precision-5490-workstation/spd/precision-14-5490-laptop,completed,2026-08-26T23:44:11-03:00,2026-08-26T23:44:11-03:00
LG-GRAM17-17Z90R-G-BH78P1,LG,Gram,Gram 17,17Z90R (17Z90R-G.BH78P1),LG Gram 17 17Z90R-G.BH78P1,17Z90R-G.BH78P1,17Z90R-G.BH78P1,17Z90R-G.BH78P1,7893299943010,7893299943010,LG Gram 17 2023; Gram 17 i7-1360P; LG 17Z90R,Intel,Core i7-1360P,13ª Geração (Raptor Lake) Intel Evo,16,LPDDR5 6000MHz Dual Channel,1024,SSD M.2 NVMe PCIe 4.0,Intel Iris Xe Graphics G7 (96 EUs),17,2560x1600,WQXGA IPS antirreflexo 350 nits 99% DCI-P3 (16:10),TRUE,Wi-Fi 6E (Intel AX211 802.11ax 2x2),TRUE,Membrana com teclado numérico dedicado,TRUE,Branco,TRUE,TRUE,Windows 11 Home,8999,novo,LG Brasil / Fast Shop,17Z90R-G.BH78P1,https://www.lg.com/br/computadores/lg-17z90r-g-bh78p1,Notebook LG Gram 17 17Z90R Intel Core i7-1360P 16GB RAM 1TB SSD 17 WQXGA IPS Windows 11 Cinza Titânio,LG Gram 17Z90R-G.BH78P1,Intel Core i7-1360P (12 núcleos / 16 threads até 5.0 GHz) Intel Evo,"17,0″ WQXGA (2560 x 1600 px) IPS 16:10 antirreflexo 350 nits DCI-P3 99%",Intel Wi-Fi 6E AX211 (802.11ax 2x2 Dual Band) + Bluetooth 5.1,Teclado ABNT2 retroiluminado com teclado numérico dedicado de 4 colunas,https://www.lg.com/br/computadores/lg-17z90r-g-bh78p1 ; https://www.fastshop.com.br,completed,2026-08-26T23:44:11-03:00,2026-08-26T23:44:11-03:00
HP-OMEN16-16-WF0033DX,HP,OMEN,OMEN 16,16-wf0033dx,HP OMEN 16-wf0033dx Intel Core i7-13700HX RTX 4060,16-wf0033dx,16-wf0033dx,7Z8T8UA#ABA,197497187127,197497187127,HP Omen 16 2023; Omen 16 i7 RTX 4060; Omen 16-wf,Intel,Core i7-13700HX,13ª Geração (Raptor Lake-HX),16,DDR5 4800MHz (2x 8GB),512,SSD PCIe Gen4 NVMe M.2,NVIDIA GeForce RTX 4060 8GB GDDR6 (140W TGP),"16,1",1920x1080,FHD IPS 165Hz 300 nits 100% sRGB 7ms micro-edge,TRUE,Wi-Fi 6E (Intel AX211 802.11ax 2x2),TRUE,Gamer Chiclet RGB 4 Zonas com 26-Key Rollover Anti-Ghosting,TRUE,RGB 4 Zonas,TRUE,FALSE,Windows 11 Home,8499,novo,Mercado Livre / KaBuM!,16-wf0033dx,https://www.mercadolivre.com.br/notebook-hp-omen-16-k0033dx-i9-16gb-1tb-rtx-4060-165hz/up/MLBU2977615916,Notebook Gamer HP OMEN 16 Intel Core i7-13700HX 16GB DDR5 SSD 512GB RTX 4060 8GB Tela 16.1 FHD IPS 165Hz Shadow Black,HP OMEN 16-wf0033dx,"Intel Core i7-13700HX (16 núcleos / 24 threads, até 5.00 GHz, 30MB cache)","16.1"" diagonal FHD (1920 x 1080), 165 Hz, 7 ms response time, IPS, micro-edge, anti-glare, Low Blue Light, 300 nits, 100% sRGB",Intel Wi-Fi 6E AX211 (2x2) and Bluetooth 5.3 wireless card,"Full-size, 4-zone RGB backlit, shadow black keyboard with numeric keypad and 26-Key Rollover Anti-Ghosting Key technology",https://support.hp.com ; https://www.kabum.com.br,completed,2026-08-26T23:44:11-03:00,2026-08-26T23:44:11-03:00
LEN-LOQ-83JC0001BR,Lenovo,LOQ,LOQ 15,15ARP9 (83JC),Lenovo LOQ 15ARP9 83JC0001BR,83JC0001BR,83JC0001BR,83JC0001BR,unknown,unknown,Lenovo LOQ 15ARP9; LOQ 15 AMD 83JC; LOQ Ryzen 7 7435HS RTX 4050,AMD,Ryzen 7 7435HS,AMD Ryzen Série 7000 (Rembrandt Refresh Zen 3+),16,DDR5 4800MHz (2x 8GB SO-DIMM),512,SSD M.2 2242 PCIe 4.0x4 NVMe,NVIDIA GeForce RTX 4050 6GB GDDR6 (105W TGP),"15,6",1920x1080,IPS FHD 144Hz 300 nits 100% sRGB G-Sync,TRUE,Wi-Fi 6 (802.11ax 2x2),TRUE,Gamer Membrana com numérico,TRUE,Branco,TRUE,TRUE,Windows 11 Home,5499,novo,Lenovo Brasil / PSREF,83JC0001BR,https://psref.lenovo.com/Product/LOQ/LOQ_15ARP9?MT=83JC,Notebook Gamer Lenovo LOQ 15ARP9 AMD Ryzen 7 7435HS 16GB DDR5 SSD 512GB RTX 4050 6GB 15.6 FHD IPS 144Hz 100% sRGB Win 11 Luna Grey 83JC0001BR,LOQ 15ARP9 Type 83JC,"AMD Ryzen 7 7435HS (8 núcleos / 16 threads, até 4.5 GHz, 16MB Cache)","15.6"" FHD (1920x1080) IPS 300nits Anti-glare, 100% sRGB, 144Hz, G-SYNC","Wi-Fi 6, 11ax 2x2 + BT5.2",Teclado ABNT2 retroiluminado na cor branca com teclado numérico dedicado,https://psref.lenovo.com/Product/LOQ/LOQ_15ARP9?MT=83JC ; https://www.lenovo.com/br/pt/laptops/loq/,completed,2026-08-26T23:44:11-03:00,2026-08-26T23:44:11-03:00
ACE-NV16-ANV16-41-R5,Acer,Nitro,Nitro V 16,ANV16-41,Acer Nitro V 16 ANV16-41-R58Z,NH.QPQAL.001,ANV16-41-R58Z,NH.QPQAL.001,4711121980015,4711121980015,Acer Nitro V 16; Nitro V16 Ryzen 7 8845HS RTX 4050; ANV16-41,AMD,Ryzen 7 8845HS,AMD Ryzen Série 8040 (Hawk Point Zen 4),16,DDR5 5600MHz,512,SSD M.2 PCIe 4.0 NVMe x4,NVIDIA GeForce RTX 4050 6GB GDDR6,16,1920x1200,WUXGA 16:10 IPS 165Hz 300 nits 100% sRGB 3ms G-Sync,TRUE,Wi-Fi 6E (802.11ax 2x2),TRUE,Gamer com teclado numérico dedicado e tecla NitroSense / Copilot,TRUE,Laranja,TRUE,TRUE,Windows 11 Home,6299,novo,Acer Brasil / KaBuM!,ANV16-41-R58Z,https://www.acer.com/br-pt/laptops/nitro/nitro-v-16-amd,Notebook Gamer Acer Nitro V 16 ANV16-41 AMD Ryzen 7 8845HS 16GB DDR5 512GB SSD RTX 4050 6GB Tela 16 WUXGA IPS 165Hz Win 11,Nitro V 16 ANV16-41,AMD Ryzen 7 8845HS (8 núcleos / 16 threads até 5.1 GHz) com NPU AMD Ryzen AI,"16.0"" 16:10 WUXGA (1920 x 1200) IPS 165Hz 300 nits 100% sRGB tempo de resposta 3ms",Wi-Fi 6E 802.11 a/b/g/n/ac/ax dual band 2x2 + Bluetooth 5.3,Layout ABNT2 em português retroiluminado na cor laranja com numérico dedicado e tecla NitroSense,https://www.acer.com/br-pt/laptops/nitro/nitro-v-16-amd ; https://www.kabum.com.br,completed,2026-08-26T23:44:11-03:00,2026-08-26T23:44:11-03:00
DEL-LAT-5540-I71355U,Dell,Latitude,Latitude 5000,Latitude 5540,Dell Latitude 5540 Intel Core i7-1355U,LAT5540-I71355U,Latitude 5540,Latitude 5540,unknown,unknown,Dell Latitude 5540; Latitude 15 5540; Latitude i7-1355U 15.6,Intel,Core i7-1355U,13ª Geração (Raptor Lake),16,DDR4 3200MHz / DDR5 4800MHz,512,SSD PCIe NVMe M.2 Classe 35,Intel Iris Xe Graphics G7 (96 EUs),"15,6",1920x1080,Full HD IPS/WVA 250 nits antirreflexo ComfortView Plus,TRUE,Wi-Fi 6E (Intel AX211 802.11ax 2x2),TRUE,Chiclet Corporativo com teclado numérico dedicado,TRUE,Branco,TRUE,TRUE,Windows 11 Pro,6499,novo,Dell Brasil Oficial,LAT5540-I71355U,https://www.dell.com/pt-br/shop/notebooks-dell/sf/latitude-laptops,Notebook Corporativo Dell Latitude 5540 Intel Core i7-1355U 16GB RAM SSD 512GB 15.6 FHD WVA Win 11 Pro,Latitude 5540,"13th Gen Intel Core i7-1355U (10 núcleos, 12MB de cache, até 5.0 GHz)","15.6"" FHD (1920x1080) Non-Touch, AG, IPS/WVA, 250 nits, FHD Cam, WLAN",Intel Wi-Fi 6E AX211 2x2 .11ax 160MHz + Bluetooth 5.3,Teclado em português ABNT2 retroiluminado com teclado numérico de 10 teclas,https://www.dell.com/pt-br/shop/notebooks-dell/sf/latitude-laptops ; https://www.dell.com/en-us/shop/dell-laptops/latitude-5540-laptop/spd/latitude-15-5540-laptop,completed,2026-08-26T23:44:11-03:00,2026-08-26T23:44:11-03:00
VAI-FE14-VJFE44F11X-B0131H,VAIO,FE14,FE14,FE14 VJFE44F11X,VAIO FE14 VJFE44F11X-B0131H,VJFE44F11X-B0131H,3343900,VJFE44F11X-B0131H,7896904690323,7896904690323,VAIO FE14 VJFE44; VAIO FE14 i5-1235U; VJFE44F11X,Intel,Core i5-1235U,12ª Geração (Alder Lake),8,DDR4 3200MHz,256,SSD M.2 NVMe PCIe,Intel Iris Xe Graphics G7 (80 EUs),14,1920x1080,LED TN antirreflexo 60Hz,FALSE,Wi-Fi 5 (802.11ac dual band 2.4GHz / 5GHz),TRUE,Membrana resistente a derramamento de água,FALSE,,FALSE,TRUE,Linux Debian 10,2599,novo,Positivo / VAIO Brasil / KaBuM!,473130,https://quenotebookcomprar.com.br/vaio-fe14-vjfe44f11x-b0131h/,Notebook VAIO FE14 Intel Core i5-1235U 8GB RAM 256GB SSD 14 Full HD Linux Debian 10 Cinza Escuro VJFE44F11X-B0131H,FE14 VJFE44F11X-B0131H,"Intel Core i5-1235U (10 núcleos / 12 threads, até 4.40 GHz, 12MB Cache)","14,0″ Full HD (1920 x 1080 px) painel do tipo TN antirreflexo 60Hz",Wi-Fi 5 802.11 a/b/g/n/ac dual band 2.4GHz / 5GHz + Bluetooth 5.1,"Layout ABNT2 em português sem numérico, resistente a derramamento de água",https://quenotebookcomprar.com.br/vaio-fe14-vjfe44f11x-b0131h/ ; https://www.kabum.com.br/produto/473130/,completed,2026-08-26T23:44:11-03:00,2026-08-26T23:44:11-03:00
AVL-BON-LITE-NEW-I7,Avell,B.On,B.On Lite,B.On Lite New,Avell B.On Lite New Intel Core i7-1255U,BON-LITE-NEW-I7,BON-LITE-NEW-I7,BON-LITE-NEW-I7,unknown,unknown,Avell B.On Lite; Avell BON Lite New i7; Avell B.On 15.6,Intel,Core i7-1255U,12ª Geração (Alder Lake),16,DDR4 3200MHz Dual Channel,512,SSD M.2 NVMe PCIe Gen4,Intel Iris Xe Graphics G7 (96 EUs),"15,6",1920x1080,Full HD WVA / IPS 60Hz antirreflexo 250 nits,TRUE,Wi-Fi 6 (Intel AX201 802.11ax 2x2),TRUE,Membrana com teclado numérico dedicado,TRUE,Branco,TRUE,TRUE,Windows 11 Home,3999,novo,Avell Brasil Oficial,BON-LITE-NEW-I7,https://avell.com.br/bon-lite-new-i7-black,Notebook Office Avell B.On Lite New Black Intel Core i7-1255U 16GB RAM SSD 512GB 15.6 Full HD WVA Win 11,Avell B.On Lite New,"Intel Core i7-1255U Alder Lake (10 núcleos / 12 threads, até 4.70 GHz, 12MB Cache)",15.6″ Full HD (1920x1080) WVA Matte antirreflexo 60Hz,Intel Dual Band Wireless Wi-Fi 6 AX201 + Bluetooth 5.2,Teclado de membrana retroiluminado na cor branca com teclado numérico padrão ABNT2,https://avell.com.br/bon-lite-new-i7-black ; https://avell.com.br/notebooks/notebooks-linhas/corporativo-linha-b-on,completed,2026-08-26T23:44:11-03:00,2026-08-26T23:44:11-03:00
POS-VIS-I15-3002786,Positivo,Vision,Vision i15,Vision i15 3002786,Positivo Vision i15 3002786,3002786,I58512A-15,3002786,7908068810230,7908068810230,Positivo Vision i15; Vision i15 Core i5-1135G7; I58512A-15,Intel,Core i5-1135G7,11ª Geração (Tiger Lake),8,DDR4 3200MHz,512,SSD M.2 NVMe PCIe,Intel Iris Xe Graphics G7 (80 EUs),"15,6",1920x1080,LED IPS Full HD antirreflexo com iluminação Lumina Bar na webcam,TRUE,Wi-Fi 5 (802.11ac dual band 2.4GHz / 5GHz),TRUE,Membrana com teclado numérico dedicado,FALSE,,TRUE,TRUE,Windows 11 Home,2799,novo,Positivo Brasil / KaBuM! / Magazine Luiza,3002786,https://loja.meupositivo.com.br/notebook-positivo-vision-i15-core-i5-windows11-8gb-512gb-ssd-fullhd-cinza-3002786/p,Notebook Positivo Vision i15 Intel Core i5-1135G7 Windows 11 Home 8GB RAM 512GB SSD 15.6 Full HD Lumina BAR Cinza 3002786,Vision i15 3002786,"Intel Core i5-1135G7 (4 núcleos / 8 threads até 4.20 GHz, 8MB Cache)","15.6"" Full HD (1920x1080) LED IPS antirreflexiva com barra de LED Lumina Bar integrada",Wi-Fi 802.11 a/b/g/n/ac (Dual Band 2.4 GHz e 5 GHz) + Bluetooth 5.0,Layout ABNT2 com teclado numérico dedicado integrado,https://loja.meupositivo.com.br/notebook-positivo-vision-i15-core-i5-windows11-8gb-512gb-ssd-fullhd-cinza-3002786/p ; https://quenotebookcomprar.com.br/positivo-vision-i15-3002786/,completed,2026-08-26T23:44:11-03:00,2026-08-26T23:44:11-03:00
GIG-AORUS16X-9SG-43BRC54SH,Gigabyte,AORUS,AORUS 16X,AORUS 16X (2024) 9SG,Gigabyte AORUS 16X 9SG-43BRC54SH,9SG-43BRC54SH,AORUS-16X-9SG,9SG-43BRC54SH,4719331758584,4719331758584,Gigabyte AORUS 16X; AORUS 16X 9SG; AORUS i7-14650HX RTX 4070,Intel,Core i7-14650HX,14ª Geração (Raptor Lake-HX Refresh),16,DDR5 5600MHz (2x 8GB),1024,SSD M.2 2280 PCIe 4.0x4 NVMe,NVIDIA GeForce RTX 4070 8GB GDDR6 (140W Max TGP),16,2560x1600,WQXGA IPS 165Hz 400 nits 100% sRGB Pantone Validated G-Sync,TRUE,Wi-Fi 7 (Intel BE200 802.11be 2x2),TRUE,Gamer Chiclet RGB 3 Zonas com numérico dedicado,TRUE,RGB 3 Zonas,TRUE,TRUE,Windows 11 Home,12999,novo,Gigabyte Brasil / KaBuM!,9SG-43BRC54SH,https://www.aorus.com/laptops/AORUS-16X--2024/,Notebook Gamer Gigabyte AORUS 16X Intel Core i7-14650HX 16GB DDR5 SSD 1TB RTX 4070 8GB Tela 16 165Hz WQXGA IPS Win 11 9SG-43BRC54SH,AORUS 16X (2024) 9SG,"Intel Core i7-14650HX (16 núcleos / 24 threads, até 5.20 GHz, 30MB Cache)","16.0"" 16:10 WQXGA (2560x1600) 165Hz Display (100% sRGB, Pantone Validated, TÜV Rheinland-certified, Dolby Vision, G-SYNC, 400 nits)",Intel Wi-Fi 7 Wireless (802.11be 2x2) + Bluetooth 5.4,3-zone RGB Keyboard em português ABNT2 com teclado numérico dedicado,https://www.aorus.com/laptops/AORUS-16X--2024/ ; https://www.kabum.com.br,completed,2026-08-26T23:44:11-03:00,2026-08-26T23:44:11-03:00
ACE-VERO15-AV15-53P-57C7,Acer,Aspire,Aspire Vero,AV15-53P,Acer Aspire Vero AV15-53P-57C7,NX.KMPAL.001,AV15-53P-57C7,NX.KMPAL.001,4711121855603,4711121855603,Acer Aspire Vero 15; Vero AV15-53P; Vero i5-1335U Eco,Intel,Core i5-1335U,13ª Geração (Raptor Lake) Intel Evo,16,LPDDR5 4800MHz onboard,512,SSD M.2 NVMe PCIe 4.0,Intel Iris Xe Graphics G7 (80 EUs),"15,6",1920x1080,Full HD LED IPS 300 nits 100% sRGB antirreflexo,TRUE,Wi-Fi 6E (Intel Killer Wi-Fi 6E AX1675i 802.11ax 2x2),TRUE,Membrana sustentável (PCR) com numérico e teclas R e E invertidas,TRUE,Branco,TRUE,TRUE,Windows 11 Home,3899,novo,Acer Brasil / KaBuM! / Magazine Luiza,AV15-53P-57C7,https://www.acer.com/br-pt/laptops/aspire/aspire-vero,Notebook Acer Aspire Vero AV15-53P-57C7 Intel Core i5-1335U 16GB LPDDR5 512GB SSD 15.6 FHD IPS Intel Evo Win 11 Cinza Cobble,Aspire Vero AV15-53P-57C7,"Intel Core i5-1335U (10 núcleos / 12 threads até 4.60 GHz, 12MB Cache) Intel Evo Platform","15,6″ Full HD (1920 x 1080 px) painel IPS 300 nits 100% sRGB antirreflexo",Intel Killer Wi-Fi 6E AX1675i (802.11ax 2x2) Tri-Band + Bluetooth 5.2,"Layout ABNT2 em português retroiluminado com teclado numérico dedicado, feito com 50% de plástico reciclado PCR",https://www.acer.com/br-pt/laptops/aspire/aspire-vero ; https://www.kabum.com.br,completed,2026-08-26T23:44:11-03:00,2026-08-26T23:44:11-03:00
LEN-YOGA-PRO9-83DN0003BR,Lenovo,Yoga,Yoga Pro 9,16IMH9,Lenovo Yoga Pro 9 16IMH9 83DN0003BR,83DN0003BR,83DN0003BR,83DN0003BR,unknown,unknown,Lenovo Yoga Pro 9i 16IMH9; Lenovo 83DN; Yoga Pro 9 Ultra 9 RTX 4070,Intel,Core Ultra 9 185H,Intel Core Ultra Série 1 (Meteor Lake),32,LPDDR5X 7467MHz,1024,SSD M.2 PCIe 4.0 NVMe,NVIDIA GeForce RTX 4070 8GB GDDR6 (100W),16,3200x2000,3.2K PureSight Pro Mini-LED 165Hz 1200 nits 100% DCI-P3 Touch,TRUE,Wi-Fi 6E (802.11ax 2x2),TRUE,Premium Yoga com numérico,TRUE,Branco,TRUE,TRUE,Windows 11 Home,18999,novo,Lenovo Brasil / PSREF,83DN0003BR,https://psref.lenovo.com/Product/Yoga/Yoga_Pro_9_16IMH9,Lenovo Yoga Pro 9 16IMH9 83DN Intel Core Ultra 9 185H 32GB 1TB SSD RTX 4070 16 3.2K Mini-LED Touch Win 11,Yoga Pro 9 16IMH9 (Type 83DN),"Intel Core Ultra 9 185H (16 núcleos, 22 threads até 5.10 GHz, NPU Intel AI Boost)","16.0"" 3.2K (3200x2000) PureSight Pro Mini-LED, 165Hz, 1200 nits pico, 100% DCI-P3, Touchscreen",Wi-Fi 6E 802.11ax 2x2 + Bluetooth 5.3,Teclado retroiluminado ABNT2 com teclado numérico dedicado,https://psref.lenovo.com/Product/Yoga/Yoga_Pro_9_16IMH9,completed,2026-08-27T00:23:26-03:00,2026-08-27T00:23:26-03:00
ASU-ZBDUO-UX8406MA-PZ267W,ASUS,ZenBook,ZenBook Duo,UX8406MA,ASUS ZenBook Duo UX8406MA-PZ267W,90NB12U1-M00AK0,UX8406MA-PZ267W,UX8406MA-PZ267W,7898573299739,7898573299739,ASUS Zenbook Duo UX8406; ZenBook Duo 2024; UX8406MA Ultra 9 Dual OLED,Intel,Core Ultra 9 185H,Intel Core Ultra Série 1 (Meteor Lake),32,LPDDR5X 7467MHz,1024,SSD M.2 PCIe 4.0 NVMe,Intel Arc Graphics (8 Xe-Cores),14,2880x1800,"Dual 14.0"" 3K (2880x1800) Lumina OLED 120Hz 500 nits HDR 100% DCI-P3 Touch",TRUE,Wi-Fi 6E (802.11ax 2x2 Dual Band),TRUE,ASUS ErgoSense Bluetooth magnético destacável com touchpad,TRUE,Branco,FALSE,FALSE,Windows 11 Home,19999,novo,ASUS Brasil / KaBuM! / Fast Shop,626877,https://www.asus.com/pt/laptops/for-home/zenbook/asus-zenbook-duo-2024-ux8406/,Notebook ASUS Zenbook Duo UX8406MA-PZ267W Intel Core Ultra 9 185H 32GB RAM 1TB SSD Dual 14 OLED 3K 120Hz Touch Win 11,Zenbook Duo UX8406MA,Intel Core Ultra 9 185H (16 núcleos / 22 threads até 5.10 GHz com Intel AI Boost NPU),"2x 14,0″ 3K (2880 x 1800 px) ASUS Lumina OLED 120 Hz 0.2ms 500 nits HDR 100% DCI-P3 Touchscreen",Wi-Fi 6E (802.11ax) dual-band 2x2 + Bluetooth 5.3,Teclado ASUS ErgoSense magnético destacável sem fio Bluetooth retroiluminado,https://www.asus.com/pt/laptops/for-home/zenbook/asus-zenbook-duo-2024-ux8406/ | https://www.kabum.com.br/produto/626877/notebook-asus-zenbook-duo-14-ux8406ma-core-ultra-9-185h,completed,2026-08-27T00:23:26-03:00,2026-08-27T00:23:26-03:00
DEL-ALW-M18R2-I914900HX,Dell,Alienware,Alienware M Series,m18 R2,Dell Alienware m18 R2 Intel Core i9-14900HX RTX 4090,210-BLPQ,AW18-i14900HX-M4090,AW18-i14900HX-M4090,unknown,unknown,Dell Alienware m18 R2; Alienware 18 R2 i9 RTX 4090; AW18 R2,Intel,Core i9-14900HX,14ª Geração (Raptor Lake Refresh),64,DDR5 5600MHz (2x32GB),2048,SSD PCIe NVMe M.2,NVIDIA GeForce RTX 4090 16GB GDDR6 (175W TGP),18,2560x1600,QHD+ ComfortView Plus WVA/IPS 165Hz 3ms 100% DCI-P3 G-SYNC,TRUE,Wi-Fi 7 (Intel Killer BE1750 2x2),TRUE,Alienware M Series AlienFX RGB per-key mecânico CherryMX com numérico,TRUE,RGB AlienFX por tecla,TRUE,TRUE,Windows 11 Home,29999,novo,Dell Brasil Oficial / Mercado Livre,MLB55516789,https://www.mercadolivre.com.br/dell-alienware-m18-r2-i9-14900-64gb-2tb-ssd-rtx-4090-16gb-cor-preto/p/MLB55516789,Notebook Gamer Dell Alienware m18 R2 Intel Core i9-14900HX 64GB RAM 2TB SSD RTX 4090 16GB Tela 18 QHD+ 165Hz Win 11,Alienware m18 R2,"14th Gen Intel Core i9-14900HX (24 núcleos / 32 threads, 36MB cache até 5.80 GHz)","18.0"" QHD+ (2560 x 1600) 165Hz 3ms ComfortView Plus WVA/IPS 100% DCI-P3 NVIDIA G-SYNC","Intel Killer Wi-Fi 7 BE1750, 2x2, 802.11be + Bluetooth 5.4",Teclado mecânico Alienware M Series com iluminação AlienFX RGB por tecla e teclado numérico,https://www.mercadolivre.com.br/dell-alienware-m18-r2-i9-14900-64gb-2tb-ssd-rtx-4090-16gb-cor-preto/p/MLB55516789,completed,2026-08-27T00:23:26-03:00,2026-08-27T00:23:26-03:00
LEN-TP-L14G5-21L60003BR,Lenovo,ThinkPad,ThinkPad L14,L14 Gen 5 (AMD),Lenovo ThinkPad L14 Gen 5 AMD 21L60003BR,21L60003BR,21L60003BR,21L60003BR,197530423918,197530423918,Lenovo ThinkPad L14 Gen 5; ThinkPad L14 G5 AMD 21L6; ThinkPad L14 Ryzen 5 PRO,AMD,Ryzen 5 PRO 7535U,Série 7000 (Zen 3+),16,DDR5 4800MHz,512,SSD M.2 2280 PCIe 4.0 NVMe,AMD Radeon 660M,14,1920x1200,WUXGA IPS 300 nits Antirreflexo 45% NTSC (16:10),TRUE,Wi-Fi 6E (802.11ax 2x2),TRUE,ThinkPad Precision ABNT2 resistente a líquidos,TRUE,Branco,FALSE,TRUE,Windows 11 Pro,5299,novo,Lenovo Brasil / PSREF,21L60003BR,https://psref.lenovo.com/Detail/ThinkPad_L14_Gen_5_AMD?M=21L60003BR,Lenovo ThinkPad L14 Gen 5 AMD 21L60003BR Ryzen 5 PRO 7535U 16GB 512GB SSD 14 WUXGA IPS Win 11 Pro,ThinkPad L14 Gen 5 (Type 21L6),"AMD Ryzen 5 PRO 7535U (6 núcleos / 12 threads até 4.55 GHz, 16MB Cache)","14"" WUXGA (1920x1200) IPS 300nits Anti-glare, 45% NTSC, 60Hz","Wi-Fi 6E, 11ax 2x2 + BT5.3",Teclado ThinkPad ABNT2 retroiluminado resistente a derramamento de líquidos,https://psref.lenovo.com/Detail/ThinkPad_L14_Gen_5_AMD?M=21L60003BR,completed,2026-08-27T00:23:26-03:00,2026-08-27T00:23:26-03:00
APP-MBP16-M3P-MRW13BZ/A,Apple,MacBook Pro,MacBook Pro 16,"MacBook Pro 16 (M3 Pro, 2023)",Apple MacBook Pro 16 M3 Pro MRW13BZ/A,MRW13BZ/A,MRW13BZ/A,MRW13BZ/A,195949073830,195949073830,Apple MacBook Pro 16 M3 Pro; MacBook Pro 16 A2991; MRW13 Preto Espacial,Apple,Apple M3 Pro (12-core),Apple Silicon M3,18,LPDDR5 Memória Unificada,512,SSD PCIe Integrado,Apple M3 Pro 18-Core GPU,"16,2",3456x2234,Liquid Retina XDR Mini-LED IPS 120Hz ProMotion 1000 nits (1600 nits pico HDR),TRUE,Wi-Fi 6E (802.11ax),TRUE,Magic Keyboard retroiluminado com Touch ID,TRUE,Branco,FALSE,FALSE,macOS,21990,novo,Apple Brasil / Next Computer / Fast Shop,MRW13BZ/A,https://www.nextcomputer.com.br/macbook-pro-16-m3-pro-18gb-ram-512-gb-preto-black-a2991-mrw13bza,"Notebook Apple MacBook Pro 16 M3 Pro (CPU 12-core, GPU 18-core, 18GB RAM, 512GB SSD) Preto Espacial MRW13BZ/A","MacBook Pro 16"" A2991 MRW13BZ/A","Apple M3 Pro (CPU de 12 núcleos: 6 de desempenho e 6 de eficiência, Neural Engine 16 núcleos)","Tela Liquid Retina XDR de 16,2 polegadas Mini-LED IPS (3456 x 2234 a 254 ppi), 120Hz ProMotion",Wi-Fi 6E 802.11ax + Bluetooth 5.3,Magic Keyboard retroiluminado com Touch ID integrado e sensor de luz ambiente,https://www.nextcomputer.com.br/macbook-pro-16-m3-pro-18gb-ram-512-gb-preto-black-a2991-mrw13bza,completed,2026-08-27T00:23:26-03:00,2026-08-27T00:23:26-03:00
ASU-VBGO-E1504GA-NJ434W,ASUS,VivoBook,VivoBook Go 15,E1504GA,ASUS VivoBook Go 15 E1504GA-NJ434W,90NB0ZT2-M00GG0,E1504GA-NJ434W,E1504GA-NJ434W,7898573299722,7898573299722,ASUS VivoBook Go 15; Vivobook Go E1504GA; Vivobook Core i3-N305,Intel,Core i3-N305,Série N (Alder Lake-N),8,DDR4 3200MHz,256,SSD PCIe NVMe M.2,Intel UHD Graphics (32 EUs),"15,6",1920x1080,LED Full HD Antirreflexo 250 nits 60Hz,FALSE,Wi-Fi 5 (802.11ac dual-band),TRUE,Chiclet ErgoSense com numérico,FALSE,,TRUE,TRUE,Windows 11 Home,2399,novo,Magazine Luiza / KaBuM! / ASUS Brasil,238752800,https://www.magazineluiza.com.br/busca/asus+vivobook+go+15+e1504g/,Notebook ASUS VivoBook Go 15 Intel Core i3-N305 8GB RAM 256GB SSD 15.6 Full HD Windows 11 E1504GA-NJ434W,VivoBook Go 15 E1504GA-NJ434W,"Intel Core i3-N305 (8 núcleos / 8 threads até 3.80 GHz, 6MB Cache)","15,6″ Full HD (1920 x 1080 px) Painel LED TN 250 nits antirreflexo",Wi-Fi 5 (802.11ac) dual band 2.4GHz / 5GHz + Bluetooth 5.1,Layout ABNT2 com teclado numérico dedicado,https://www.magazineluiza.com.br/busca/asus+vivobook+go+15+e1504g/,completed,2026-08-27T00:23:26-03:00,2026-08-27T00:23:26-03:00
GIG-G6X-9KG-43US864SH,Gigabyte,G6X,G6X Gaming (2024),G6X 9KG,Gigabyte G6X 9KG-43US864SH Intel Core i7 RTX 4060,9KG-43US864SH,9KG-43US864SH,9KG-43US864SH,unknown,unknown,Gigabyte G6X 9KG; G6X Gaming 2024; Gigabyte G6X i7 RTX 4060,Intel,Core i7-13650HX,13ª Geração (Raptor Lake),32,DDR5 4800MHz (2x16GB),1024,SSD M.2 PCIe 4.0 NVMe,NVIDIA GeForce RTX 4060 8GB GDDR6 (105W TGP),16,1920x1200,WUXGA 16:10 IPS 165Hz MUX Switch,TRUE,Wi-Fi 6E (802.11ax Intel Killer AX211),TRUE,Membrana gamer retroiluminada 1-zona RGB com numérico,TRUE,RGB 1-Zona,TRUE,FALSE,Windows 11 Home,8999,novo,KaBuM! / Gigabyte Brasil,996476,https://www.kabum.com.br/produto/996476/gigabyte-laptop-para-jogos-de-16-165-hz-ips-intel-i7-13650hx-com-32-gb-de-ram-nvidia-geforce-rtx-4060-ssd-de-1-tb-black-g6x-9kg-43us864sh,Notebook Gamer Gigabyte G6X 9KG Intel Core i7-13650HX 32GB RAM 1TB SSD RTX 4060 16 165Hz IPS Win 11 9KG-43US864SH,Gigabyte G6X (2024) 9KG,"Intel Core i7-13650HX (14 núcleos / 20 threads até 4.90 GHz, 24MB Cache)","16.0"" 16:10 WUXGA (1920x1200) IPS 165Hz display",Intel Wi-Fi 6E AX211 (802.11ax 2x2) + Bluetooth 5.2,Teclado gamer retroiluminado RGB de 1 zona com teclado numérico dedicado,https://www.kabum.com.br/produto/996476/gigabyte-laptop-para-jogos-de-16-165-hz-ips-intel-i7-13650hx-com-32-gb-de-ram-nvidia-geforce-rtx-4060-ssd-de-1-tb-black-g6x-9kg-43us864sh,completed,2026-08-27T00:23:26-03:00,2026-08-27T00:23:26-03:00
HP-256-G9-86Y74LA,HP,HP 250,256 G9,256 G9,HP 256 G9 86Y74LA Intel Core i5,86Y74LA,86Y74LA,86Y74LA#AK4,unknown,unknown,HP 256 G9; HP 256 i5-1235U; 86Y74LA,Intel,Core i5-1235U,12ª Geração (Alder Lake),8,DDR4 3200MHz,256,SSD PCIe NVMe M.2,Intel UHD Graphics (64 EUs),"15,6",1366x768,LED HD TN 250 nits Antirreflexo,FALSE,Wi-Fi 5 (802.11ac dual-band),TRUE,Membrana com teclado numérico dedicado,FALSE,,TRUE,TRUE,Windows 11 Home,2499,novo,HP Brasil / Qual Notebook Comprar,86Y74LA,https://quenotebookcomprar.com.br/hp-256-g9-86y74la/,Notebook HP 256 G9 86Y74LA Intel Core i5-1235U 8GB RAM 256GB SSD 15.6 HD Windows 11 Home,HP 256 G9 (86Y74LA),"Intel Core i5-1235U (10 núcleos / 12 threads até 4.40 GHz, 12MB Cache)","15,6"" HD (1366 x 768 px) Painel TN 250 nits antirreflexo",Wi-Fi 802.11ac dual-band + Bluetooth 4.2,Layout ABNT2 com teclado numérico dedicado,https://quenotebookcomprar.com.br/hp-256-g9-86y74la/,completed,2026-08-27T00:23:26-03:00,2026-08-27T00:23:26-03:00
DEL-INS-I14-5440-U5,Dell,Inspiron,Inspiron 14,Inspiron 14 5440,Dell Inspiron 14 5440 Intel Core 5 120U,i14-5440-M20P,i14-5440-M20P,210-BMKX,unknown,unknown,Dell Inspiron 14 5440; Inspiron 5440 Core 5; i14-5440,Intel,Core 5 120U,Intel Core Série 1 (Raptor Lake Refresh),16,DDR5 5200MHz,512,SSD PCIe NVMe M.2,Intel Graphics,14,1920x1200,FHD+ WVA/IPS 250 nits Antirreflexo ComfortView 16:10,TRUE,Wi-Fi 6E (802.11ax Realtek / Intel),TRUE,Chiclet retroiluminado com leitor biométrico,TRUE,Branco,FALSE,TRUE,Windows 11 Home,4399,novo,Dell Brasil Oficial / Magazine Luiza,i14-5440-M20P,https://www.magazineluiza.com.br/busca/dell+inspiron+14+5440/,Notebook Dell Inspiron 14 5440 Intel Core 5 120U 16GB RAM 512GB SSD 14 FHD+ WVA Windows 11 Home,Inspiron 14 5440 i14-5440-M20P,"Intel Core 5 120U (10 núcleos / 12 threads até 5.00 GHz, 12MB Cache)","14.0"" 16:10 FHD+ (1920 x 1200) Anti-Glare Non-Touch 250nits WVA Display with ComfortView",Wi-Fi 6E (802.11ax 2x2) + Bluetooth 5.3,Teclado ABNT2 em português retroiluminado com leitor de impressão digital integrado,https://www.magazineluiza.com.br/busca/dell+inspiron+14+5440/,completed,2026-08-27T00:23:26-03:00,2026-08-27T00:23:26-03:00
ASU-TUF-FA507NU-LP071W,ASUS,TUF Gaming,TUF Gaming A15,FA507NU,ASUS TUF Gaming A15 FA507NU-LP071W AMD Ryzen 7,90NR0EB5-M007E0,FA507NU-LP071W,FA507NU-LP071W,7898573299319,7898573299319,ASUS TUF Gaming A15; TUF A15 Ryzen 7 RTX 4050; FA507NU,AMD,Ryzen 7 7735HS,Série 7000 (Rembrandt-R),16,DDR5 4800MHz,512,SSD M.2 PCIe 4.0 NVMe,NVIDIA GeForce RTX 4050 6GB GDDR6 (140W TGP com MUX Switch),"15,6",1920x1080,Full HD IPS 144Hz 250 nits 100% sRGB G-SYNC,TRUE,Wi-Fi 6 (802.11ax 2x2),TRUE,Chiclet gamer retroiluminado RGB com teclas WASD destacadas e numérico,TRUE,RGB 1-Zona,TRUE,TRUE,Windows 11 Home,6299,novo,KaBuM! / ASUS Brasil,497084,https://www.kabum.com.br/produto/497084/notebook-gamer-asus-tuf-a15-amd-ryzen-7-7735hs-16gb-ram-rtx-4050-ssd-1tb-nvme-tela-15-full-hd-windows-11-home,Notebook Gamer ASUS TUF Gaming A15 FA507NU AMD Ryzen 7 7735HS 16GB RAM 512GB SSD RTX 4050 15.6 FHD 144Hz IPS Win 11,TUF Gaming A15 FA507NU,"AMD Ryzen 7 7735HS (8 núcleos / 16 threads até 4.75 GHz, 16MB L3 Cache)","15.6"" Full HD (1920 x 1080) IPS 144Hz 250 nits 100% sRGB Adaptive-Sync / G-SYNC",Wi-Fi 6 (802.11ax) dual band 2x2 + Bluetooth 5.2,Layout ABNT2 com numérico retroiluminado em RGB,https://www.kabum.com.br/produto/497084/notebook-gamer-asus-tuf-a15-amd-ryzen-7-7735hs-16gb-ram-rtx-4050-ssd-1tb-nvme-tela-15-full-hd-windows-11-home,completed,2026-08-27T00:23:26-03:00,2026-08-27T00:23:26-03:00
SAM-EXP-NP500R5M-XW3BR,Samsung,Expert,Expert X51,NP500R5M-XW3BR,Samsung Expert X51 NP500R5M-XW3BR Intel Core i7,NP500R5M-XW3BR,NP500R5M-XW3BR,NP500R5M-XW3BR,7892509090629,7892509090629,Samsung Expert X51; Samsung X51 i7 940MX; NP500R5M,Intel,Core i7-7500U,7ª Geração (Kaby Lake),8,DDR4 2133MHz,1000,HDD SATA 5400 RPM (com slot M.2 livre),NVIDIA GeForce 940MX 2GB GDDR3,"15,6",1920x1080,LED Full HD Antirreflexo 60Hz,FALSE,Wi-Fi 5 (802.11ac 2x2),TRUE,Membrana com teclado numérico integrado,FALSE,,TRUE,TRUE,Windows 10 Home,3499,usado,Qual Notebook Comprar / Samsung Brasil,NP500R5M-XW3BR,https://quenotebookcomprar.com.br/desconto-samsung-x51-versao-2017/,Notebook Samsung Expert X51 NP500R5M-XW3BR Intel Core i7-7500U 8GB RAM 1TB HD GeForce 940MX 15.6 Full HD,Expert X51 NP500R5M-XW3BR,"Intel Core i7-7500U (2 núcleos / 4 threads até 3.50 GHz, 4MB L3 Cache)","15,6"" LED Full HD (1920 x 1080p) com acabamento antirreflexivo",Wi-Fi 802.11ac 2x2 dual-band + Bluetooth 4.1,Layout ABNT2 com teclado numérico (numpad) integrado,https://quenotebookcomprar.com.br/desconto-samsung-x51-versao-2017/,completed,2026-08-27T00:23:26-03:00,2026-08-27T00:23:26-03:00
POS-VIS-I14-3002778,Positivo,Vision,Vision i14,Vision i14 3002778,Positivo Vision i14 3002778 Intel Core i3,3002778,3002778,I38256A-14,7908068812852,7908068812852,Positivo Vision i14; Vision i14 Core i3 1115G4; I38256A-14,Intel,Core i3-1115G4,11ª Geração (Tiger Lake),8,DDR4 3200MHz,256,SSD NVMe M.2,Intel UHD Graphics,14,1920x1080,LED IPS Full HD Antirreflexo Lumina Bar,TRUE,Wi-Fi 5 (802.11ac dual-band),TRUE,Membrana ABNT2 com tecla Copilot / Lumina Bar,FALSE,,FALSE,TRUE,Windows 11 Home,2199,novo,Positivo Brasil Oficial / KaBuM!,3002778,https://loja.meupositivo.com.br/,Notebook Positivo Vision i14 Intel Core i3-1115G4 8GB RAM 256GB SSD 14 Full HD IPS Lumina Bar Windows 11 Home 3002778,Vision i14 I38256A-14 (3002778),"Intel Core i3-1115G4 (2 núcleos / 4 threads até 4.10 GHz, 6MB Cache)","14.0"" Full HD (1920x1080) LED IPS antirreflexiva com iluminação Lumina Bar na webcam",Wi-Fi 5 (802.11ac) dual band 2.4GHz / 5GHz + Bluetooth 5.0,Layout ABNT2 em português sem teclado numérico,https://loja.meupositivo.com.br/,completed,2026-08-27T00:23:26-03:00,2026-08-27T00:23:26-03:00
AVL-A70-HYB-484598,Avell,A70,A70 HYB,A70 HYB,Avell A70 HYB Intel Core i7 RTX 4060,A70 HYB 484598,484598,A70-HYB-484598,unknown,unknown,Avell A70 HYB; Avell A70 i7-13700H RTX 4060; A70 HYB,Intel,Core i7-13700H,13ª Geração (Raptor Lake),16,DDR5 4800MHz Dual Channel,1024,SSD M.2 NVMe PCIe Gen4,NVIDIA GeForce RTX 4060 8GB GDDR6 (140W TGP),16,2560x1600,WQXGA IPS 240Hz 500 nits 100% sRGB (16:10),TRUE,Wi-Fi 6 (802.11ax dual-band),TRUE,Membrana gamer retroiluminada RGB com teclado numérico integrado,TRUE,RGB,TRUE,TRUE,Windows 11 Home,8799,novo,Avell Brasil Oficial / KaBuM!,484598,https://www.kabum.com.br/produto/484598/,Notebook Gamer Avell A70 HYB Intel Core i7-13700H 16GB RAM 1TB SSD RTX 4060 16 WQXGA 240Hz IPS Win 11,Avell A70 HYB (484598),"Intel Core i7-13700H (14 núcleos / 20 threads até 5.00 GHz, 24MB Cache)","16"" WQXGA (2560x1600) 16:10 IPS 240Hz 500 nits 100% sRGB",Wi-Fi 6 (802.11ax) dual-band 2.4GHz / 5GHz + Bluetooth 5.2,Teclado de membrana retroiluminado RGB padrão ABNT2 com numérico,https://www.kabum.com.br/produto/484598/,completed,2026-08-27T00:23:26-03:00,2026-08-27T00:23:26-03:00
ACE-SWIFTGO-SFG14-73-713G,Acer,Swift,Swift Go 14,SFG14-73,Acer Swift Go 14 SFG14-73-713G,NX.KSGEM.003,SFG14-73-713G,NX.KSGEM.003,4711474293336,4711474293336,Acer Swift Go 14 SFG14-73; Swift Go 14 Ultra 7 OLED; NX.KSGEM.003,Intel,Core Ultra 7 155H,Intel Core Ultra (Meteor Lake),32,LPDDR5X,1024,SSD PCIe NVMe M.2,Intel Arc Graphics,14.0,2880x1800,OLED 2.8K 90Hz CineCrystal 100% DCI-P3 16:10,TRUE,Wi-Fi 6E (802.11ax 2x2 Killer AX1675i),TRUE,Chiclet FineTip,TRUE,Branco,FALSE,TRUE,Windows 11 Home,7499.00,novo,Acer Brasil / KaBuM!,SFG14-73-713G,https://www.acer.com/br-pt/laptops/swift/swift-go,"Notebook Acer Swift Go 14 SFG14-73-713G Intel Core Ultra 7 155H 32GB RAM 1TB SSD 14"" 2.8K OLED W11",Swift Go 14 SFG14-73-713G (NX.KSGEM.003),Intel Core Ultra 7 155H (16 núcleos / 22 threads até 4.80 GHz),"14,0"" WQXGA+ 2.8K (2880 x 1800) OLED 90Hz 100% DCI-P3 16:10",Wi-Fi 6E 802.11ax dual-band / tri-band Killer AX1675i,Teclado retroiluminado em branco padrão português ABNT2 sem teclado numérico,https://www.acer.com/br-pt/laptops/swift/swift-go; https://www.kabum.com.br/,completed,2026-08-27T01:53:38-03:00,2026-08-27T01:53:38-03:00
LEN-LEG-PRO5-83DF008WIV,Lenovo,Legion,Legion Pro 5i,Legion Pro 5 16IRX9,Lenovo Legion Pro 5 16IRX9 83DF,83DF,83DF,83DF008WIV,unknown,unknown,Lenovo Legion Pro 5 16IRX9; Legion Pro 5i Gen 9; Legion 83DF i7 RTX 4060,Intel,Core i7-14650HX,14ª Geração (Raptor Lake Refresh),16,DDR5 5600MHz,512,SSD PCIe 4.0 NVMe M.2,NVIDIA GeForce RTX 4060 8GB GDDR6 (140W TGP),16.0,2560x1600,IPS WQXGA 165Hz 300 nits 100% sRGB G-SYNC 16:10,TRUE,Wi-Fi 6E (802.11ax 2x2),TRUE,Legion TrueStrike Gamer,TRUE,RGB 4 zonas,TRUE,TRUE,Windows 11 Home,9499.00,novo,Lenovo Brasil / PSREF,83DF,https://psref.lenovo.com/Product/Legion/Legion_Pro_5_16IRX9,"Lenovo Legion Pro 5 16IRX9 83DF Intel Core i7-14650HX 16GB DDR5 512GB SSD RTX 4060 16"" WQXGA 165Hz IPS Win 11",Legion Pro 5 16IRX9 (Type 83DF),Intel Core i7-14650HX (16 núcleos / 24 threads até 5.20 GHz),"16.0"" WQXGA (2560x1600) IPS 300nits Anti-glare, 100% sRGB, 165Hz, Dolby Vision, G-SYNC","Wi-Fi 6E, 11ax 2x2 + BT5.2","4-Zone RGB Backlit, Portuguese (BR) ABNT2 com teclado numérico",https://psref.lenovo.com/Product/Legion/Legion_Pro_5_16IRX9,completed,2026-08-27T01:53:38-03:00,2026-08-27T01:53:38-03:00
LEN-TP-E16G2-21M5000JUS,Lenovo,ThinkPad,ThinkPad E16,E16 Gen 2 (AMD),Lenovo ThinkPad E16 Gen 2 21M5,21M5,21M5000JUS,21M5000JUS,unknown,unknown,Lenovo ThinkPad E16 Gen 2 AMD; ThinkPad E16 G2 Type 21M5; E16 Ryzen 7 7735U,AMD,Ryzen 7 7735U,Série 7000 (Zen 3+),16,DDR5 4800MHz,512,SSD M.2 2242 PCIe 4.0 NVMe Opal 2.0,AMD Radeon 680M Graphics,16.0,1920x1200,IPS WUXGA 300 nits antirreflexo 45% NTSC 16:10,TRUE,Wi-Fi 6 (802.11ax 2x2),TRUE,ThinkPad Precision com TrackPoint,TRUE,Branco,TRUE,TRUE,Windows 11 Pro,5899.00,novo,Lenovo Brasil / PSREF,21M5000JUS,https://psref.lenovo.com/Product/ThinkPad/ThinkPad_E16_Gen_2_AMD,"Lenovo ThinkPad E16 Gen 2 AMD Ryzen 7 7735U 16GB DDR5 512GB SSD 16"" WUXGA IPS Win 11 Pro Type 21M5",ThinkPad E16 Gen 2 Type 21M5,"AMD Ryzen 7 7735U (8 núcleos / 16 threads, 2.7 até 4.75 GHz)","16.0"" WUXGA (1920x1200) IPS 300nits Anti-glare, 45% NTSC 16:10","Wi-Fi 6, 11ax 2x2 + Bluetooth 5.3",Teclado ABNT2 em português retroiluminado com teclado numérico resistente a respingos,https://psref.lenovo.com/Product/ThinkPad/ThinkPad_E16_Gen_2_AMD,completed,2026-08-27T01:53:38-03:00,2026-08-27T01:53:38-03:00
LEN-TB14-G6-21NQ0001BR,Lenovo,ThinkBook,ThinkBook 14 G6,14 G6 IRL (21NQ),Lenovo ThinkBook 14 G6 IRL Intel Core i5-1335U,21NQ0001BR,21NQ0001BR,21NQ0001BR,197532345671,197532345671,ThinkBook 14 G6; ThinkBook 14 Gen 6 IRL; Lenovo 21NQ,Intel,Core i5-1335U,13ª Geração (Raptor Lake),16,DDR5 5200MHz SO-DIMM,512,SSD M.2 2242 PCIe 4.0 NVMe,Intel Iris Xe Graphics G7 (80 EUs),14.0,1920x1200,WUXGA IPS 16:10 300 nits antirreflexo 45% NTSC,TRUE,Wi-Fi 6 (802.11ax 2x2),TRUE,Membrana retroiluminado resistente a líquidos,TRUE,Branco,FALSE,TRUE,Windows 11 Pro,4899.00,novo,Lenovo Brasil Oficial / PSREF,21NQ0001BR,https://psref.lenovo.com/Detail/ThinkBook_14_G6_IRL?M=21NQ0001BR,Notebook Lenovo ThinkBook 14 G6 IRL Intel Core i5-1335U 16GB DDR5 512GB SSD 14 WUXGA IPS Win 11 Pro 21NQ0001BR,ThinkBook 14 G6 IRL (21NQ0001BR),"Intel Core i5-1335U (10 núcleos / 12 threads até 4.60 GHz, 12MB Cache)",14.0 polegadas WUXGA (1920 x 1200) IPS 16:10 300 nits antirreflexo,Wi-Fi 6 802.11ax 2x2 + Bluetooth 5.1,Layout ABNT2 em português retroiluminado resistente a derramamento de líquidos,https://psref.lenovo.com/Detail/ThinkBook_14_G6_IRL?M=21NQ0001BR,completed,2026-08-27T22:38:00-03:00,2026-08-27T22:38:00-03:00
LEN-TB14-G6-21NQ0002BR,Lenovo,ThinkBook,ThinkBook 14 G6,14 G6 IRL (21NQ),Lenovo ThinkBook 14 G6 IRL Intel Core i7-1355U,21NQ0002BR,21NQ0002BR,21NQ0002BR,197532345688,197532345688,ThinkBook 14 G6; ThinkBook 14 Gen 6 i7; Lenovo 21NQ,Intel,Core i7-1355U,13ª Geração (Raptor Lake),16,DDR5 5200MHz SO-DIMM,512,SSD M.2 2242 PCIe 4.0 NVMe,Intel Iris Xe Graphics G7 (96 EUs),14.0,1920x1200,WUXGA IPS 16:10 300 nits antirreflexo 45% NTSC,TRUE,Wi-Fi 6 (802.11ax 2x2),TRUE,Membrana retroiluminado resistente a líquidos,TRUE,Branco,FALSE,TRUE,Windows 11 Pro,5599.00,novo,Lenovo Brasil Oficial / PSREF,21NQ0002BR,https://psref.lenovo.com/Detail/ThinkBook_14_G6_IRL?M=21NQ0002BR,Notebook Lenovo ThinkBook 14 G6 IRL Intel Core i7-1355U 16GB DDR5 512GB SSD 14 WUXGA IPS Win 11 Pro 21NQ0002BR,ThinkBook 14 G6 IRL (21NQ0002BR),"Intel Core i7-1355U (10 núcleos / 12 threads até 5.00 GHz, 12MB Cache)",14.0 polegadas WUXGA (1920 x 1200) IPS 16:10 300 nits antirreflexo,Wi-Fi 6 802.11ax 2x2 + Bluetooth 5.1,Layout ABNT2 em português retroiluminado resistente a respingos,https://psref.lenovo.com/Detail/ThinkBook_14_G6_IRL?M=21NQ0002BR,completed,2026-08-27T22:38:00-03:00,2026-08-27T22:38:00-03:00
LEN-TB16-G6-21NR0002BR,Lenovo,ThinkBook,ThinkBook 16 G6,16 G6 IRL (21NR),Lenovo ThinkBook 16 G6 IRL Intel Core i7-1355U,21NR0002BR,21NR0002BR,21NR0002BR,197532345992,197532345992,ThinkBook 16 G6; ThinkBook 16 Gen 6 IRL; Lenovo 21NR,Intel,Core i7-1355U,13ª Geração (Raptor Lake),16,DDR5 5200MHz SO-DIMM,512,SSD M.2 2242 PCIe 4.0 NVMe,Intel Iris Xe Graphics G7 (96 EUs),16.0,1920x1200,WUXGA IPS 16:10 300 nits antirreflexo 45% NTSC,TRUE,Wi-Fi 6 (802.11ax 2x2),TRUE,Membrana retroiluminado com teclado numérico,TRUE,Branco,TRUE,TRUE,Windows 11 Pro,5899.00,novo,Lenovo Brasil Oficial / PSREF,21NR0002BR,https://psref.lenovo.com/Detail/ThinkBook_16_G6_IRL?M=21NR0002BR,Notebook Lenovo ThinkBook 16 G6 IRL Intel Core i7-1355U 16GB DDR5 512GB SSD 16 WUXGA IPS Win 11 Pro 21NR0002BR,ThinkBook 16 G6 IRL (21NR0002BR),"Intel Core i7-1355U (10 núcleos / 12 threads até 5.00 GHz, 12MB Cache)",16.0 polegadas WUXGA (1920 x 1200) IPS 16:10 300 nits antirreflexo,Wi-Fi 6 802.11ax 2x2 + Bluetooth 5.1,Layout ABNT2 em português retroiluminado com teclado numérico dedicado,https://psref.lenovo.com/Detail/ThinkBook_16_G6_IRL?M=21NR0002BR,completed,2026-08-27T22:38:00-03:00,2026-08-27T22:38:00-03:00
LEN-TB16-G6-21KK0001BR,Lenovo,ThinkBook,ThinkBook 16 G6,16 G6 ABP (21KK),Lenovo ThinkBook 16 G6 ABP AMD Ryzen 5 7530U,21KK0001BR,21KK0001BR,21KK0001BR,197532345817,197532345817,ThinkBook 16 G6 AMD; ThinkBook 16 Gen 6 ABP; Lenovo 21KK,AMD,Ryzen 5 7530U,Série 7000 (Barcelo-R / Zen 3),16,DDR4 3200MHz SO-DIMM,512,SSD M.2 2242 PCIe 4.0 NVMe,AMD Radeon RX Vega 7,16.0,1920x1200,WUXGA IPS 16:10 300 nits antirreflexo 45% NTSC,TRUE,Wi-Fi 6 (802.11ax 2x2),TRUE,Membrana retroiluminado com teclado numérico,TRUE,Branco,TRUE,TRUE,Windows 11 Pro,4599.00,novo,Lenovo Brasil Oficial / PSREF,21KK0001BR,https://psref.lenovo.com/Product/ThinkBook/ThinkBook_16_G6_ABP,Notebook Lenovo ThinkBook 16 G6 ABP AMD Ryzen 5 7530U 16GB RAM 512GB SSD 16 WUXGA IPS Win 11 Pro 21KK0001BR,ThinkBook 16 G6 ABP (21KK0001BR),"AMD Ryzen 5 7530U (6 núcleos / 12 threads até 4.50 GHz, 16MB Cache L3)",16.0 polegadas WUXGA (1920 x 1200) IPS 16:10 300 nits antirreflexo,Wi-Fi 6 802.11ax 2x2 + Bluetooth 5.1,Layout ABNT2 em português retroiluminado com teclado numérico dedicado,https://psref.lenovo.com/Product/ThinkBook/ThinkBook_16_G6_ABP,completed,2026-08-27T22:38:00-03:00,2026-08-27T22:38:00-03:00
LEN-TP-T14G4-21HD,Lenovo,ThinkPad,ThinkPad T14,T14 Gen 4 (Intel) 21HD,Lenovo ThinkPad T14 Gen 4 Intel Core i7-1355U Low Power 400 nits,21HD0001BR,21HD0001BR,21HD0001BR,198158920896,198158920896,ThinkPad T14 Gen 4; ThinkPad T14 G4 Intel; Lenovo 21HD,Intel,Core i7-1355U,13ª Geração (Raptor Lake),16,LPDDR5X 4800MHz Soldered,512,SSD M.2 2280 PCIe 4.0 NVMe Opal 2.0,Intel Iris Xe Graphics G7 (96 EUs),14.0,1920x1200,WUXGA IPS Low Power 400 nits 100% sRGB Eyesafe antirreflexo,TRUE,Wi-Fi 6E (Intel AX211 802.11ax 2x2),TRUE,ThinkPad TrackPoint Precision retroiluminado,TRUE,Branco,FALSE,TRUE,Windows 11 Pro,8999.00,novo,Lenovo Brasil Oficial / PSREF,21HD,https://psref.lenovo.com/Product/ThinkPad/ThinkPad_T14_Gen_4_Intel?MT=21HD,Notebook Lenovo ThinkPad T14 Gen 4 Intel Core i7-1355U 16GB LPDDR5X 512GB SSD 14 WUXGA IPS 400 nits Win 11 Pro 21HD,ThinkPad T14 Gen 4 Type 21HD,"Intel Core i7-1355U (10 núcleos / 12 threads até 5.00 GHz, 12MB Cache)",14.0 polegadas WUXGA (1920 x 1200) IPS Low Power 400 nits 100% sRGB Eyesafe,Intel Wi-Fi 6E AX211 2x2 802.11ax + Bluetooth 5.3,Layout ABNT2 ThinkPad resistente a líquidos com TrackPoint e leitor biométrico,https://psref.lenovo.com/Product/ThinkPad/ThinkPad_T14_Gen_4_Intel?MT=21HD,completed,2026-08-27T22:38:00-03:00,2026-08-27T22:38:00-03:00
LEN-TP-T14G4-21K3,Lenovo,ThinkPad,ThinkPad T14,T14 Gen 4 (AMD) 21K3,Lenovo ThinkPad T14 Gen 4 AMD Ryzen 7 PRO 7840U,21K30001BR,21K30001BR,21K30001BR,198158920919,198158920919,ThinkPad T14 Gen 4 AMD; ThinkPad T14 G4 Ryzen 7 PRO; Lenovo 21K3,AMD,Ryzen 7 PRO 7840U,Série 7000 (Phoenix / Zen 4 com Ryzen AI),32,LPDDR5X 6400MHz Soldered,1024,SSD M.2 2280 PCIe 4.0 NVMe Opal 2.0,AMD Radeon 780M (12 RDNA3 CUs),14.0,1920x1200,WUXGA IPS 16:10 Low Power 400 nits 100% sRGB,TRUE,Wi-Fi 6E (Qualcomm NFA725A 802.11ax 2x2),TRUE,ThinkPad TrackPoint Precision retroiluminado,TRUE,Branco,FALSE,TRUE,Windows 11 Pro,9999.00,novo,Lenovo Brasil Oficial / PSREF,21K3,https://pcsupport.lenovo.com/br/pt/products/laptops-and-netbooks/thinkpad-t-series-laptops/thinkpad-t14-gen-4-type-21k3-21k4/21k4,Notebook Lenovo ThinkPad T14 Gen 4 AMD Ryzen 7 PRO 7840U 32GB 1TB SSD Radeon 780M 14 WUXGA IPS Win 11 Pro 21K3,ThinkPad T14 Gen 4 Type 21K3,"AMD Ryzen 7 PRO 7840U (8 núcleos / 16 threads até 5.10 GHz, 16MB Cache L3, AMD PRO Security)",14.0 polegadas WUXGA (1920 x 1200) IPS Low Power 400 nits 100% sRGB antirreflexo,Qualcomm Wi-Fi 6E NFA725A 2x2 802.11ax + Bluetooth 5.3,"Layout ABNT2 ThinkPad com TrackPoint, leitor de digitais e resistência a líquidos",https://pcsupport.lenovo.com/br/pt/products/laptops-and-netbooks/thinkpad-t-series-laptops/thinkpad-t14-gen-4-type-21k3-21k4/21k4,completed,2026-08-27T22:38:00-03:00,2026-08-27T22:38:00-03:00
LEN-YOGA7-14IRL8,Lenovo,Yoga,Yoga 7 2 em 1,Yoga 7 14IRL8 (82YL),Lenovo Yoga 7 14IRL8 Intel Core i7-1360P 2.8K OLED Touch 360,82YL0001BR,82YL0001BR,82YL0001BR,197529123450,197529123450,Lenovo Yoga 7 14; Yoga 7i Gen 8; Lenovo 82YL,Intel,Core i7-1360P,"13ª Geração (Raptor Lake-P, 28W)",16,LPDDR5 5200MHz Soldered,512,SSD M.2 2280 PCIe 4.0 NVMe,Intel Iris Xe Graphics G7 (96 EUs),14.0,2880x1800,2.8K PureSight OLED Touchscreen 360° 90Hz 400 nits 100% DCI-P3 Dolby Vision,TRUE,Wi-Fi 6E (Intel AX211 802.11ax 2x2),TRUE,Chiclet retroiluminado em chassi de alumínio (1.49kg),TRUE,Branco,FALSE,TRUE,Windows 11 Home,7999.00,novo,Lenovo Brasil Oficial / KaBuM!,82YL0001BR,https://psref.lenovo.com/Product/Yoga/Yoga_7_14IRL8,Notebook 2 em 1 Lenovo Yoga 7 14IRL8 Intel Core i7-1360P 16GB RAM 512GB SSD 14 2.8K OLED Touch 360 90Hz Win 11 Storm Grey,Yoga 7 14IRL8 (82YL),"Intel Core i7-1360P (12 núcleos / 16 threads até 5.00 GHz, 18MB Cache)",14.0 polegadas 2.8K (2880 x 1800) OLED 90Hz Touchscreen 360° 400 nits 100% DCI-P3 DisplayHDR True Black 500,Wi-Fi 6E 802.11ax 2x2 + Bluetooth 5.1 + Thunderbolt 4,Layout ABNT2 em português retroiluminado na cor branca com leitor biométrico,https://psref.lenovo.com/Product/Yoga/Yoga_7_14IRL8,completed,2026-08-27T22:38:00-03:00,2026-08-27T22:38:00-03:00
DEL-LAT-5540-I51335U,Dell,Latitude,Latitude 5000,Latitude 5540,Dell Latitude 5540 Intel Core i5-1335U,210-BGJC-LAT5540,210-BGJC-LAT5540,210-BGJC,7899864948715,7899864948715,Dell Latitude 5540; Latitude 5540 i5-1335U; 210-BGJC,Intel,Core i5-1335U,13ª Geração (Raptor Lake),16,DDR4 3200MHz (2x slots SO-DIMM até 64GB),512,SSD M.2 PCIe NVMe Class 35,Intel Iris Xe Graphics G7 (80 EUs),15.6,1920x1080,Full HD IPS antirreflexo 250 nits 45% NTSC,TRUE,Wi-Fi 6E (Intel AX211 802.11ax 2x2),TRUE,Membrana corporativo com teclado numérico,TRUE,Branco,TRUE,TRUE,Windows 11 Pro,5699.00,novo,Dell Brasil Oficial / Tradework,210-BGJC,https://www.dell.com/es-es/shop/port%C3%A1tiles-de-dell/port%C3%A1til-latitude-5540/spd/latitude-15-5540-laptop,Notebook Dell Latitude 5540 Intel Core i5-1335U 16GB RAM 512GB SSD 15.6 FHD IPS Windows 11 Pro 210-BGJC,Latitude 5540,"Intel Core i5-1335U (10 núcleos / 12 threads até 4.60 GHz, 12MB Cache)",15.6 polegadas Full HD (1920 x 1080) IPS 250 nits antirreflexo,Intel Wi-Fi 6E AX211 2x2 802.11ax + Bluetooth 5.3 + Gigabit Ethernet RJ-45,Layout ABNT2 em português retroiluminado com teclado numérico integrado,https://www.dell.com/es-es/shop/port%C3%A1tiles-de-dell/port%C3%A1til-latitude-5540/spd/latitude-15-5540-laptop,completed,2026-08-27T22:38:00-03:00,2026-08-27T22:38:00-03:00
DEL-LAT-7440-I71365U,Dell,Latitude,Latitude 7000,Latitude 7440 Ultralight,Dell Latitude 7440 Ultralight Intel Core i7-1365U vPro 400 nits,210-BFRH-LAT7440,210-BFRH-LAT7440,210-BFRH,7899864948807,7899864948807,Dell Latitude 7440; Latitude 7440 vPro; Latitude 7440 Ultralight,Intel,Core i7-1365U,13ª Geração (Raptor Lake com Intel vPro),16,LPDDR5 4800MHz Dual Channel Soldered,512,SSD M.2 2230 PCIe Gen4 NVMe,Intel Iris Xe Graphics G7 (96 EUs),14.0,1920x1200,FHD+ IPS 16:10 400 nits ComfortView Plus 100% sRGB Ultralight,TRUE,Wi-Fi 6E (Intel AX211 802.11ax 2x2),TRUE,Mini-LED retroiluminado com economia de energia e chassi de magnésio (1.06kg),TRUE,Branco,FALSE,TRUE,Windows 11 Pro,8999.00,novo,Dell Brasil Oficial / Tradework,210-BFRH,https://www.dell.com/support/manuals/fr-pf/latitude-14-7440-2-in-1-laptop/lati_7440_setupspecs/processeur?guid=guid-a2d148e8-c480-43d4-b19b-e65836d19683&lang=fr-fr,Notebook Dell Latitude 7440 Ultralight Intel Core i7-1365U vPro 16GB RAM 512GB SSD 14 FHD+ IPS 400 nits Win 11 Pro Magnésio 1.06kg,Latitude 7440 Ultralight,"Intel Core i7-1365U (10 núcleos / 12 threads até 5.20 GHz, 12MB Cache, Intel vPro Enterprise)",14.0 polegadas FHD+ (1920 x 1200) IPS 16:10 400 nits ComfortView Plus 100% sRGB antirreflexo,Intel Wi-Fi 6E AX211 2x2 802.11ax + Bluetooth 5.3 + 2x Thunderbolt 4,Layout ABNT2 em português com tecnologia de economia de bateria por Mini-LEDs e leitor biométrico,https://www.dell.com/support/manuals/fr-pf/latitude-14-7440-2-in-1-laptop/lati_7440_setupspecs/processeur?guid=guid-a2d148e8-c480-43d4-b19b-e65836d19683&lang=fr-fr,completed,2026-08-27T22:38:00-03:00,2026-08-27T22:38:00-03:00
DEL-VOS-3520-210BFKB,Dell,Vostro,Vostro 3520,Vostro 3520 (210-BFKB),Dell Vostro 3520 Intel Core i7-1255U NVIDIA GeForce MX550,210-BFKB-NBV39,210-BFKB-NBV39,210-BFKB,7899864947128,7899864947128,Dell Vostro 3520; Vostro 3520 i7 MX550; 210-BFKB,Intel,Core i7-1255U,12ª Geração (Alder Lake),16,DDR4 3200MHz Dual Channel,512,SSD M.2 PCIe NVMe,NVIDIA GeForce MX550 2GB GDDR6 (dGPU),15.6,1920x1080,Full HD WVA 120Hz 250 nits antirreflexo ComfortView,TRUE,Wi-Fi 6 (Intel AX201 802.11ax 2x2),TRUE,Membrana com teclado numérico,FALSE,,TRUE,TRUE,Windows 11 Pro,4499.00,novo,Dell Brasil Oficial / DHCP Informática,210-BFKB,https://www.dhcp.com.br/computadores/notebooks/notebook.html,Notebook Dell Vostro 3520 Intel Core i7-1255U 16GB RAM 512GB SSD GeForce MX550 15.6 FHD WVA 120Hz Win 11 Pro 210-BFKB,Vostro 3520 (210-BFKB-NBV39),"Intel Core i7-1255U (10 núcleos / 12 threads até 4.70 GHz, 12MB Cache)",15.6 polegadas Full HD (1920 x 1080) WVA 120Hz 250 nits antirreflexo ComfortView,Intel Wi-Fi 6 AX201 2x2 802.11ax + Bluetooth 5.2,Layout ABNT2 em português com teclado numérico integrado,https://www.dhcp.com.br/computadores/notebooks/notebook.html,completed,2026-08-27T22:38:00-03:00,2026-08-27T22:38:00-03:00
DEL-VOS-3520-I31215U,Dell,Vostro,Vostro 3520,Vostro 3520 (i3),Dell Vostro 3520 Intel Core i3-1215U,210-BFKC-I31215U,210-BFKC-I31215U,210-BFKC,7899864947135,7899864947135,Dell Vostro 3520; Vostro 3520 i3-1215U; 210-BFKC,Intel,Core i3-1215U,12ª Geração (Alder Lake),8,DDR4 2666MHz,256,SSD M.2 PCIe NVMe,Intel UHD Graphics (64 EUs),15.6,1920x1080,Full HD WVA 120Hz 250 nits antirreflexo,TRUE,Wi-Fi 6 (Intel AX201 802.11ax 2x2),TRUE,Membrana com teclado numérico,FALSE,,TRUE,TRUE,Windows 11 Home,2699.00,novo,Dell Brasil Oficial,210-BFKC,https://www.dell.com/en-us/shop/dell-laptops/vostro-3520-laptop/spd/vostro-15-3520-laptop,Notebook Dell Vostro 3520 Intel Core i3-1215U 8GB RAM 256GB SSD 15.6 FHD WVA 120Hz Windows 11 Home Preto,Vostro 3520,"Intel Core i3-1215U (6 núcleos / 8 threads até 4.40 GHz, 10MB Cache)",15.6 polegadas Full HD (1920 x 1080) WVA 120Hz 250 nits antirreflexo,Intel Wi-Fi 6 2x2 802.11ax + Bluetooth 5.2,Layout ABNT2 em português com teclado numérico integrado,https://www.dell.com/en-us/shop/dell-laptops/vostro-3520-laptop/spd/vostro-15-3520-laptop,completed,2026-08-27T22:38:00-03:00,2026-08-27T22:38:00-03:00
DEL-XPS16-9640-U74050,Dell,XPS,XPS 16,XPS 16 9640,Dell XPS 16 9640 Intel Core Ultra 7 155H RTX 4050,9640-7097,9640-7097,210-BLMN,7899864951408,7899864951408,Dell XPS 16 9640; XPS 16 Core Ultra 7; XPS 9640 RTX 4050,Intel,Core Ultra 7 155H,Intel Core Ultra Série 1 (Meteor Lake com NPU),16,LPDDR5X 6400MHz Dual Channel,1024,SSD M.2 PCIe 4.0 NVMe,NVIDIA GeForce RTX 4050 6GB GDDR6 (50W TGP Studio),16.3,1920x1200,FHD+ InfinityEdge IPS 500 nits antirreflexo 100% sRGB 16:10 Dolby Vision,TRUE,Wi-Fi 7 (Intel Killer BE1750 802.11be 2x2),TRUE,Teclado sem grade (zero-lattice) retroiluminado com barra de funções sensível ao toque capacitiva e touchpad invisível de vidro,TRUE,Branco,FALSE,TRUE,Windows 11 Home,16999.00,novo,Dell Brasil Oficial / Mercado Livre,9640-7097,https://lista.mercadolivre.com.br/dell-xps-15,Notebook Dell XPS 16 9640-7097 Intel Core Ultra 7 155H 16GB RAM 1TB SSD RTX 4050 16.3 FHD+ InfinityEdge 500 nits Win 11 Platinum,XPS 16 9640,"Intel Core Ultra 7 155H (16 núcleos / 22 threads até 4.80 GHz, 24MB Cache, Intel AI Boost NPU)",16.3 polegadas FHD+ (1920 x 1200) InfinityEdge IPS 500 nits 100% sRGB antirreflexo 16:10,Intel Killer Wi-Fi 7 BE1750 2x2 802.11be + Bluetooth 5.4 + 3x Thunderbolt 4,Teclado zero-lattice ABNT2 em português com touch bar capacitiva e trackpad haptico invisível,https://lista.mercadolivre.com.br/dell-xps-15,completed,2026-08-27T22:38:00-03:00,2026-08-27T22:38:00-03:00
SAM-GB4-PRO-NP940XGK-KG1BR,Samsung,Galaxy Book,Galaxy Book4 Pro,NP940XGK-KG1BR,Samsung Galaxy Book4 Pro 14 NP940XGK-KG1BR Intel Core Ultra 7 155H,NP940XGK-KG1BR,NP940XGK-KG1BR,NP940XGK-KG1BR,7892509134019,7892509134019,Samsung Galaxy Book4 Pro 14; Galaxy Book4 Pro Ultra 7; NP940XGK-KG1,Intel,Core Ultra 7 155H,Intel Core Ultra Série 1 (Meteor Lake com NPU),16,LPDDR5X 7467MHz Quad Channel Soldered,512,SSD M.2 PCIe 4.0 NVMe (com 2º slot M.2 livre),Intel Arc Graphics Integrada (8 Xe Cores),14.0,2880x1800,3K WQXGA+ Dynamic AMOLED 2X Touchscreen 120Hz 400 nits 120% DCI-P3 antirreflexo DXC,TRUE,Wi-Fi 6E (Intel AX211 802.11ax 2x2),TRUE,Pro retroiluminado ultrafino em alumínio (1.23kg),TRUE,Branco,FALSE,TRUE,Windows 11 Home,8999.00,novo,Samsung Brasil Oficial / Fast Shop / KaBuM!,NP940XGK-KG1BR,https://www.samsung.com/br/computers/samsung-book/galaxy-book4-pro-14-inch-ultra-7-16gb-512gb-np940xgk-kg1br/,Notebook Samsung Galaxy Book4 Pro 14 NP940XGK-KG1BR Intel Core Ultra 7 155H 16GB RAM 512GB SSD 14 3K AMOLED 120Hz Touch Win 11 Moonstone Gray,Galaxy Book4 Pro NP940XGK-KG1BR,"Intel Core Ultra 7 155H (16 núcleos / 22 threads até 4.80 GHz, 24MB Cache, NPU IA)",14.0 polegadas 3K (2880 x 1800) Dynamic AMOLED 2X 120Hz Touch 400 nits 120% DCI-P3 antirreflexo Corning DXC,Wi-Fi 6E 802.11ax 2x2 + Bluetooth 5.3 + 2x Thunderbolt 4,Layout Pro ABNT2 em português retroiluminado com leitor de impressão digital,https://www.samsung.com/br/computers/samsung-book/galaxy-book4-pro-14-inch-ultra-7-16gb-512gb-np940xgk-kg1br/,completed,2026-08-27T22:38:00-03:00,2026-08-27T22:38:00-03:00
SAM-GB4-PRO-NP940XGK-KG2BR,Samsung,Galaxy Book,Galaxy Book4 Pro,NP940XGK-KG2BR,Samsung Galaxy Book4 Pro 14 NP940XGK-KG2BR Intel Core Ultra 5 125H,NP940XGK-KG2BR,NP940XGK-KG2BR,NP940XGK-KG2BR,7892509134026,7892509134026,Samsung Galaxy Book4 Pro 14; Galaxy Book4 Pro Ultra 5; NP940XGK-KG2,Intel,Core Ultra 5 125H,Intel Core Ultra Série 1 (Meteor Lake com NPU),16,LPDDR5X 7467MHz Quad Channel,512,SSD M.2 PCIe 4.0 NVMe,Intel Arc Graphics Integrada (7 Xe Cores),14.0,2880x1800,3K WQXGA+ Dynamic AMOLED 2X Touchscreen 120Hz 400 nits 120% DCI-P3 antirreflexo DXC,TRUE,Wi-Fi 6E (Intel AX211 802.11ax 2x2),TRUE,Pro retroiluminado ultrafino em alumínio (1.23kg),TRUE,Branco,FALSE,TRUE,Windows 11 Home,7999.00,novo,Samsung Brasil Oficial / Mercado Livre,NP940XGK-KG2BR,https://shop.samsung.com/br/galaxy-book4-pro-core-ultra-5/p,Notebook Samsung Galaxy Book4 Pro 14 NP940XGK-KG2BR Intel Core Ultra 5 125H 16GB RAM 512GB SSD 14 3K AMOLED 120Hz Touch Win 11,Galaxy Book4 Pro NP940XGK-KG2BR,"Intel Core Ultra 5 125H (14 núcleos / 18 threads até 4.50 GHz, 18MB Cache, NPU IA)",14.0 polegadas 3K (2880 x 1800) Dynamic AMOLED 2X 120Hz Touch 400 nits 120% DCI-P3,Wi-Fi 6E 802.11ax 2x2 + Bluetooth 5.3 + 2x Thunderbolt 4,Layout Pro ABNT2 em português retroiluminado com leitor biométrico,https://shop.samsung.com/br/galaxy-book4-pro-core-ultra-5/p,completed,2026-08-27T22:38:00-03:00,2026-08-27T22:38:00-03:00
SAM-GB3-PRO360-NP960QFG,Samsung,Galaxy Book,Galaxy Book3 Pro 360,NP960QFG-KA1BR,Samsung Galaxy Book3 Pro 360 NP960QFG-KA1BR Intel Core i7-1360P 3K AMOLED Touch 360,NP960QFG-KA1BR,NP960QFG-KA1BR,NP960QFG-KA1BR,7892509127554,7892509127554,Galaxy Book3 Pro 360; Samsung Book3 Pro 360 i7; NP960QFG,Intel,Core i7-1360P,"13ª Geração (Raptor Lake, 28W)",16,LPDDR5 6000MHz,1024,SSD M.2 PCIe 4.0 NVMe,Intel Iris Xe Graphics G7 (96 EUs),16.0,2880x1800,3K Dynamic AMOLED 2X Touchscreen 360 graus 120Hz 400 nits 120% DCI-P3 com caneta S-Pen,TRUE,Wi-Fi 6E (Intel AX211 802.11ax 2x2),TRUE,Pro retroiluminado com teclado numérico e S-Pen inclusa (1.66kg),TRUE,Branco,TRUE,TRUE,Windows 11 Home,9999.00,novo,Samsung Brasil Oficial / Fast Shop,NP960QFG-KA1BR,https://www.samsung.com/br/computers/samsung-book/galaxy-book3-pro-360-16-inch-i7-16gb-1tb-np960qfg-ka1br/,Notebook 2 em 1 Samsung Galaxy Book3 Pro 360 NP960QFG-KA1BR Intel Core i7-1360P 16GB 1TB SSD 16 3K AMOLED 120Hz Touch 360 S-Pen Win 11,Galaxy Book3 Pro 360 NP960QFG-KA1BR,"Intel Core i7-1360P (12 núcleos / 16 threads até 5.00 GHz, 18MB Cache)",16.0 polegadas 3K (2880 x 1800) Dynamic AMOLED 2X 120Hz Touchscreen 360° com suporte à caneta S-Pen,Wi-Fi 6E 802.11ax 2x2 + Bluetooth 5.1 + 2x Thunderbolt 4,Layout Pro ABNT2 em português retroiluminado com teclado numérico e caneta S-Pen,https://www.samsung.com/br/computers/samsung-book/galaxy-book3-pro-360-16-inch-i7-16gb-1tb-np960qfg-ka1br/,completed,2026-08-27T22:38:00-03:00,2026-08-27T22:38:00-03:00
SAM-CB-GO-XE340XDA,Samsung,Galaxy Chromebook,Galaxy Chromebook Go,XE340XDA-KA1BR,Samsung Galaxy Chromebook Go XE340XDA-KA1BR Intel Celeron N4500,XE340XDA-KA1BR,XE340XDA-KA1BR,XE340XDA-KA1BR,7892509121897,7892509121897,Samsung Chromebook Go; Galaxy Chromebook Go 14; XE340XDA,Intel,Celeron N4500,Intel Jasper Lake (10nm),4,LPDDR4X Soldered,64,eMMC 5.1,Intel UHD Graphics (16 EUs),14.0,1366x768,LED HD antirreflexo abertura 180 graus MIL-STD-810G,FALSE,Wi-Fi 6 (Intel AX201 802.11ax 2x2),TRUE,Membrana resistente a líquidos Chrome OS,FALSE,,FALSE,TRUE,Chrome OS,1499.00,novo,Samsung Brasil Oficial / KaBuM!,XE340XDA-KA1BR,https://www.samsung.com/br/computers/galaxy-chromebook/galaxy-chromebook-go-14inch-celeron-4gb-64gb-xe340xda-ka1br/,Samsung Galaxy Chromebook Go XE340XDA-KA1BR Intel Celeron N4500 4GB RAM 64GB eMMC Tela 14 HD Wi-Fi 6 Chrome OS Prata,Galaxy Chromebook Go XE340XDA-KA1BR,"Intel Celeron N4500 (2 núcleos / 2 threads até 2.80 GHz, 4MB Cache)",14.0 polegadas LED HD (1366 x 768) antirreflexo abertura de 180 graus,Wi-Fi 6 (Gig+) 802.11ax 2x2 + Bluetooth 5.1,Layout ABNT2 em português resistente a respingos de água no padrão Chrome OS,https://www.samsung.com/br/computers/galaxy-chromebook/galaxy-chromebook-go-14inch-celeron-4gb-64gb-xe340xda-ka1br/,completed,2026-08-27T22:38:00-03:00,2026-08-27T22:38:00-03:00
HP-PROB-445G10-R57530U,HP,ProBook,ProBook 445 G10,ProBook 445 G10,HP ProBook 445 G10 AMD Ryzen 5 7530U,8A661EA#AK4,8A661EA#AK4,8A661EA,197497412895,197497412895,HP ProBook 445 G10; ProBook 445 Ryzen 5; HP 445 G10,AMD,Ryzen 5 7530U,Série 7000 (Barcelo-R / Zen 3),16,DDR4 3200MHz (2x slots SO-DIMM até 32GB),512,SSD M.2 PCIe NVMe,AMD Radeon RX Vega 7,14.0,1920x1080,Full HD IPS antirreflexo 250 nits 45% NTSC,TRUE,Wi-Fi 6E (Realtek 802.11ax 2x2),TRUE,HP Premium resistente a derramamento de líquidos,FALSE,,FALSE,TRUE,Windows 11 Pro,4399.00,novo,HP Brasil Oficial / Mercado Livre / Microless,8A661EA,https://www.mercadolivre.com.br/notebook-hp-probook-445-g10-ryzen-5-7530u-16gb-ssd-256gb/up/MLBU4357224451,Notebook HP ProBook 445 G10 AMD Ryzen 5 7530U 16GB RAM 512GB SSD Tela 14 FHD IPS Wi-Fi 6E Windows 11 Pro Prata,ProBook 445 G10 (8A661EA#AK4),"AMD Ryzen 5 7530U (6 núcleos / 12 threads até 4.50 GHz, 16MB Cache L3)",14.0 polegadas Full HD (1920 x 1080) IPS antirreflexo 250 nits,Wi-Fi 6E 802.11ax 2x2 + Bluetooth 5.3 + Gigabit RJ-45,Layout ABNT2 em português resistente a respingos,https://www.mercadolivre.com.br/notebook-hp-probook-445-g10-ryzen-5-7530u-16gb-ssd-256gb/up/MLBU4357224451,completed,2026-08-27T22:38:00-03:00,2026-08-27T22:38:00-03:00
HP-ENVY-X360-14-ES0013DX,HP,Envy,Envy x360 14,14-es0013dx,HP Envy x360 14-es0013dx Intel Core i5-1335U Touch 360,14-es0013dx,14-es0013dx,7H9Y4UA#ABA,197029647248,197029647248,HP Envy x360 14; Envy 14 2 em 1; 14-es0013dx,Intel,Core i5-1335U,13ª Geração (Raptor Lake),8,DDR4 3200MHz Soldered,512,SSD M.2 PCIe NVMe,Intel Iris Xe Graphics G7 (80 EUs),14.0,1920x1080,Full HD IPS Touchscreen 360 graus 300 nits bordas finas,TRUE,Wi-Fi 6E (Intel AX211 802.11ax 2x2),TRUE,Chiclet conversível retroiluminado em alumínio (1.52kg),TRUE,Branco,FALSE,FALSE,Windows 11 Home,4899.00,novo,HP / Mercado Livre Brasil / Amazon Brasil,14-es0013dx,https://www.mercadolivre.com.br/notebook-hp-envy-x360-14-es0013dx-core-i5-8gb-512gb-ssd/p/MLB24578120,Notebook 2 em 1 HP Envy x360 14-es0013dx Intel Core i5-1335U 8GB RAM 512GB SSD Tela 14 FHD IPS Touch 360 Win 11 Prata,Envy x360 14-es0013dx,"Intel Core i5-1335U (10 núcleos / 12 threads até 4.60 GHz, 12MB Cache)",14.0 polegadas Full HD (1920 x 1080) IPS Touchscreen 360° 300 nits antirreflexo,Intel Wi-Fi 6E AX211 2x2 802.11ax + Bluetooth 5.3,Layout US Internacional retroiluminado com leitor de impressão digital,https://www.mercadolivre.com.br/notebook-hp-envy-x360-14-es0013dx-core-i5-8gb-512gb-ssd/p/MLB24578120,completed,2026-08-27T22:38:00-03:00,2026-08-27T22:38:00-03:00
HP-VIC16-16-R0000,HP,Victus,Victus 16,16-r0000,HP Victus 16-r0000 Intel Core i7-13700H RTX 4060 144Hz,16-r0000,16-r0000,818B5LA#AC4,197497463995,197497463995,HP Victus 16; Victus 16 i7 RTX 4060; 16-r0000,Intel,Core i7-13700H,"13ª Geração (Raptor Lake, 45W)",16,DDR5 5200MHz Dual Channel,512,SSD M.2 PCIe 4.0 NVMe,NVIDIA GeForce RTX 4060 8GB GDDR6 (120W TGP com MUX Switch),16.1,1920x1080,Full HD IPS 144Hz 250 nits micro-edge antirreflexo,TRUE,Wi-Fi 6E (Intel AX211 802.11ax 2x2),TRUE,Membrana Gamer retroiluminado com teclado numérico,TRUE,Branco,TRUE,TRUE,Windows 11 Home,7499.00,novo,HP Brasil Oficial / KaBuM!,16-r0000,https://www.reddit.com/r/GamingLaptops/comments/1h234l1/victus_or_omen_which_is_a_better_deallaptop/,Notebook Gamer HP Victus 16-r0000 Intel Core i7-13700H 16GB DDR5 512GB SSD RTX 4060 8GB 16.1 FHD IPS 144Hz Win 11 Mica Silver,Victus 16-r0000,"Intel Core i7-13700H (14 núcleos / 20 threads até 5.00 GHz, 24MB Cache)",16.1 polegadas Full HD (1920 x 1080) IPS 144Hz 250 nits micro-edge antirreflexo,Intel Wi-Fi 6E AX211 2x2 802.11ax + Bluetooth 5.3 + OMEN Gaming Hub,Layout ABNT2 em português retroiluminado na cor branca com teclado numérico,https://www.reddit.com/r/GamingLaptops/comments/1h234l1/victus_or_omen_which_is_a_better_deallaptop/,completed,2026-08-27T22:38:00-03:00,2026-08-27T22:38:00-03:00
ASU-ZB14-UX3405MA-U7,ASUS,ZenBook,ZenBook 14 OLED,UX3405MA,ASUS Zenbook 14 OLED UX3405MA Intel Core Ultra 7 155H 3K OLED,UX3405MA-QD084W / 90NB11R1-M003A0,UX3405MA-QD084W,90NB11R1-M003A0,7898573299883,7898573299883,ASUS Zenbook 14 OLED UX3405; Zenbook UX3405MA; Zenbook Core Ultra 7,Intel,Core Ultra 7 155H,Intel Core Ultra Série 1 (Meteor Lake com Intel Evo),16,LPDDR5X 7467MHz Soldered,1024,SSD M.2 PCIe 4.0 NVMe,Intel Arc Graphics Integrada (8 Xe Cores),14.0,2880x1800,3K ASUS Lumina OLED 16:10 120Hz 0.2ms 500 nits 100% DCI-P3 DisplayHDR True Black 600,TRUE,Wi-Fi 6E (802.11ax dual-band 2x2),TRUE,ErgoSense silencioso retroiluminado com NumberPad no touchpad (1.20kg),TRUE,Branco,FALSE,TRUE,Windows 11 Home,8999.00,novo,ASUS Brasil Oficial / Fast Shop / KaBuM!,UX3405MA-QD084W,https://www.asus.com/br/laptops/for-home/zenbook/asus-zenbook-14-oled-ux3405/,Notebook ASUS Zenbook 14 OLED UX3405MA Intel Core Ultra 7 155H 16GB RAM 1TB SSD 14 3K Lumina OLED 120Hz Win 11 Ponder Blue,Zenbook 14 OLED UX3405MA,"Intel Core Ultra 7 155H (16 núcleos / 22 threads até 4.80 GHz, 24MB Cache, Intel AI Boost NPU)",14.0 polegadas 3K (2880 x 1800) ASUS Lumina OLED 16:10 120Hz 0.2ms 500 nits 100% DCI-P3 Pantone,Wi-Fi 6E 802.11ax dual-band 2x2 + Bluetooth 5.3 + 2x Thunderbolt 4,Layout ABNT2 em português ErgoSense retroiluminado com teclado numérico virtual ASUS NumberPad,https://www.asus.com/br/laptops/for-home/zenbook/asus-zenbook-14-oled-ux3405/,completed,2026-08-27T22:38:00-03:00,2026-08-27T22:38:00-03:00
ASU-VB-S15-S5506MA-U7,ASUS,VivoBook,VivoBook S 15 OLED,S5506MA,ASUS Vivobook S 15 OLED S5506MA Intel Core Ultra 7 155H 3K OLED 120Hz,S5506MA-MA026W,S5506MA-MA026W,90NB12J1-M001E0,7898573299890,7898573299890,ASUS Vivobook S 15 OLED; Vivobook S5506MA; Vivobook S 15 Ultra 7,Intel,Core Ultra 7 155H,Intel Core Ultra Série 1 (Meteor Lake com Intel Evo),16,LPDDR5X 7467MHz Soldered,512,SSD M.2 PCIe 4.0 NVMe,Intel Arc Graphics Integrada (8 Xe Cores),15.6,2880x1620,3K ASUS Lumina OLED 16:9 120Hz 0.2ms 600 nits pico HDR 100% DCI-P3,TRUE,Wi-Fi 6E (802.11ax dual-band 2x2),TRUE,ErgoSense retroiluminado RGB 1-zone com teclado numérico e tecla Copilot,TRUE,RGB 1-zone,TRUE,TRUE,Windows 11 Home,7999.00,novo,ASUS Brasil Oficial / Fast Shop,S5506MA-MA026W,https://www.asus.com/pt/laptops/for-home/vivobook/asus-vivobook-s-15-oled-s5506/,Notebook ASUS Vivobook S 15 OLED S5506MA Intel Core Ultra 7 155H 16GB RAM 512GB SSD 15.6 3K OLED 120Hz RGB Win 11 Cool Silver,Vivobook S 15 OLED S5506MA,"Intel Core Ultra 7 155H (16 núcleos / 22 threads até 4.80 GHz, 24MB Cache, Intel AI Boost NPU)",15.6 polegadas 3K (2880 x 1620) ASUS Lumina OLED 120Hz 0.2ms 600 nits 100% DCI-P3,Wi-Fi 6E 802.11ax dual-band 2x2 + Bluetooth 5.3 + 2x Thunderbolt 4,Layout ABNT2 em português ErgoSense retroiluminado em RGB 1-zona com teclado numérico,https://www.asus.com/pt/laptops/for-home/vivobook/asus-vivobook-s-15-oled-s5506/,completed,2026-08-27T22:38:00-03:00,2026-08-27T22:38:00-03:00
ASU-EXP-B1502CBA-I5,ASUS,ExpertBook,ExpertBook B1,B1502CBA,ASUS ExpertBook B1 B1502CBA Intel Core i5-1235U,B1502CBA-EJ0680X,B1502CBA-EJ0680X,90NX05U1-M00R60,7898573299722,7898573299722,ASUS ExpertBook B1; ExpertBook B1502CBA; ExpertBook i5-1235U,Intel,Core i5-1235U,12ª Geração (Alder Lake),16,DDR4 3200MHz (expansível até 48GB),512,SSD M.2 PCIe NVMe,Intel Iris Xe Graphics G7 (80 EUs),15.6,1920x1080,Full HD IPS antirreflexo 250 nits MIL-STD-810H,TRUE,Wi-Fi 6 (802.11ax 2x2),TRUE,Membrana corporativo resistente a derramamento com teclado numérico,FALSE,,TRUE,TRUE,Windows 11 Pro,4199.00,novo,ASUS Brasil Oficial / KaBuM!,B1502CBA-EJ0680X,https://www.magazineluiza.com.br/notebook-asus-vivobook-15-intel-core-i5-8gb-ram-512gb-ssd-156-full-hd-windows-11-x1502za-bq1760w/p/237245600/in/nass/,Notebook Corporativo ASUS ExpertBook B1 B1502CBA Intel Core i5-1235U 16GB RAM 512GB SSD 15.6 FHD IPS MIL-STD Win 11 Pro Star Black,ExpertBook B1 B1502CBA,"Intel Core i5-1235U (10 núcleos / 12 threads até 4.40 GHz, 12MB Cache)",15.6 polegadas Full HD (1920 x 1080) IPS 250 nits antirreflexo certificação militar MIL-STD-810H,Wi-Fi 6 802.11ax 2x2 + Bluetooth 5.2 + Gigabit Ethernet RJ-45,Layout ABNT2 em português resistente a líquidos com teclado numérico dedicado,https://www.magazineluiza.com.br/notebook-asus-vivobook-15-intel-core-i5-8gb-ram-512gb-ssd-156-full-hd-windows-11-x1502za-bq1760w/p/237245600/in/nass/,completed,2026-08-27T22:38:00-03:00,2026-08-27T22:38:00-03:00
ACE-SWGO14-SFG14-71,Acer,Swift,Swift Go 14,SFG14-71 (SFG14-71-52TV),Acer Swift Go 14 SFG14-71 Intel Core i5-1335U 2.8K OLED,NX.KF7AA.001,SFG14-71-52TV,NX.KF7AA.001,4711121894510,4711121894510,Acer Swift Go 14; Swift Go 14 SFG14-71; Swift Go OLED i5,Intel,Core i5-1335U,13ª Geração (Raptor Lake),16,LPDDR5 4800MHz Dual Channel,512,SSD M.2 PCIe 4.0 NVMe,Intel Iris Xe Graphics G7 (80 EUs),14.0,2880x1800,2.8K OLED 16:10 90Hz 0.2ms 500 nits pico HDR 100% DCI-P3 DisplayHDR True Black 500,TRUE,Wi-Fi 6E (Intel Killer AX1675i 802.11ax 2x2),TRUE,Chiclet retroiluminado em chassi de alumínio ultrafino (1.25kg),TRUE,Branco,FALSE,TRUE,Windows 11 Home,5999.00,novo,Acer Brasil Oficial / KaBuM!,NX.KF7AA.001,https://www.acer.com/br-pt/laptops/swift/swift-go/pdp/NX.KF7AA.001,Notebook Acer Swift Go 14 SFG14-71-52TV Intel Core i5-1335U 16GB LPDDR5 512GB SSD 14 2.8K OLED 90Hz Win 11 Prata,Swift Go 14 SFG14-71-52TV,"Intel Core i5-1335U (10 núcleos / 12 threads até 4.60 GHz, 12MB Cache)",14.0 polegadas 2.8K (2880 x 1800) OLED 16:10 90Hz 500 nits 100% DCI-P3 DisplayHDR 500,Intel Killer Wi-Fi 6E AX1675i 2x2 802.11ax + Bluetooth 5.3 + 2x Thunderbolt 4,Layout ABNT2 em português retroiluminado com leitor de impressão digital integrado,https://www.acer.com/br-pt/laptops/swift/swift-go/pdp/NX.KF7AA.001,completed,2026-08-27T22:38:00-03:00,2026-08-27T22:38:00-03:00
ACE-SWGO14-SFG14-72,Acer,Swift,Swift Go 14 AI,SFG14-72 (SFG14-72-72VW),Acer Swift Go 14 SFG14-72 Intel Core Ultra 7 155H 2.8K OLED 120Hz,NX.KP0AL.001,SFG14-72-72VW,NX.KP0AL.001,4711121968126,4711121968126,Acer Swift Go 14 AI; Swift Go 14 SFG14-72; Swift Go Ultra 7 OLED,Intel,Core Ultra 7 155H,Intel Core Ultra Série 1 (Meteor Lake com Intel Evo e NPU),16,LPDDR5X 6400MHz Dual Channel,1024,SSD M.2 PCIe 4.0 NVMe,Intel Arc Graphics Integrada (8 Xe Cores),14.0,2880x1800,2.8K OLED 16:10 120Hz 0.2ms 500 nits 100% DCI-P3 DisplayHDR True Black 500,TRUE,Wi-Fi 6E (Intel AX211 802.11ax 2x2),TRUE,Chiclet retroiluminado com touchpad multitoque e tecla Copilot (1.30kg),TRUE,Branco,FALSE,TRUE,Windows 11 Home,7999.00,novo,Acer Brasil Oficial / KaBuM!,NX.KP0AL.001,https://www.reddit.com/r/computers/comments/1g75ztn/new_acer_swift_go_14_ai_pcs_review/,Notebook Acer Swift Go 14 AI SFG14-72 Intel Core Ultra 7 155H 16GB RAM 1TB SSD 14 2.8K OLED 120Hz Win 11 Prata,Swift Go 14 SFG14-72,"Intel Core Ultra 7 155H (16 núcleos / 22 threads até 4.80 GHz, 24MB Cache, NPU Intel AI Boost)",14.0 polegadas 2.8K (2880 x 1800) OLED 16:10 120Hz 500 nits 100% DCI-P3 DisplayHDR 500,Wi-Fi 6E 802.11ax 2x2 + Bluetooth 5.3 + 2x USB4 / Thunderbolt 4,Layout ABNT2 em português retroiluminado com tecla dedicada Copilot e webcam 1440p QHD,https://www.reddit.com/r/computers/comments/1g75ztn/new_acer_swift_go_14_ai_pcs_review/,completed,2026-08-27T22:38:00-03:00,2026-08-27T22:38:00-03:00
ACE-TMP214-P214-54,Acer,TravelMate,TravelMate P2,TMP214-54,Acer TravelMate P2 TMP214-54 Intel Core i5-1235U,NX.VVVAL.001,TMP214-54-54Q7,NX.VVVAL.001,4711121578120,4711121578120,Acer TravelMate P2; TravelMate TMP214-54; TravelMate i5-1235U,Intel,Core i5-1235U,12ª Geração (Alder Lake),8,DDR4 3200MHz (2x slots SO-DIMM até 32GB),256,SSD M.2 PCIe NVMe,Intel Iris Xe Graphics G7 (80 EUs),14.0,1920x1080,Full HD IPS antirreflexo ComfyView 16:9 MIL-STD-810H,TRUE,Wi-Fi 6 (802.11ax 2x2),TRUE,Membrana corporativo resistente a derramamento com leitor de digitais,FALSE,,FALSE,TRUE,Windows 11 Pro,3799.00,novo,Acer Brasil Oficial / KaBuM!,NX.VVVAL.001,https://www.acer.com/br-pt/laptops/nitro/nitro-v-15/pdp/NH.QS8AL.003,Notebook Corporativo Acer TravelMate P2 TMP214-54 Intel Core i5-1235U 8GB RAM 256GB SSD 14 FHD IPS MIL-STD Win 11 Pro Preto,TravelMate P2 TMP214-54,"Intel Core i5-1235U (10 núcleos / 12 threads até 4.40 GHz, 12MB Cache)",14.0 polegadas Full HD (1920 x 1080) IPS ComfyView antirreflexo certificação militar MIL-STD-810H,Wi-Fi 6 802.11ax 2x2 + Bluetooth 5.1 + Gigabit Ethernet RJ-45,Layout ABNT2 em português com teclado resistente a respingos de água e leitor biométrico,https://www.acer.com/br-pt/laptops/nitro/nitro-v-15/pdp/NH.QS8AL.003,completed,2026-08-27T22:38:00-03:00,2026-08-27T22:38:00-03:00
AVL-STORM-BS-MN000145,Avell,Storm,Storm BS,Storm BS MN000145,Avell Storm BS MN000145 Intel Core i7-13700HX RTX 4060 144Hz,MN000145,MN000145,MN000145,7898956123903,78998956123903,Avell Storm BS; Storm BS i7 RTX 4060; Avell MN000145,Intel,Core i7-13700HX,"13ª Geração (Raptor Lake-HX, 55W base)",16,DDR5 4800MHz Dual Channel,512,SSD M.2 PCIe Gen4 NVMe,NVIDIA GeForce RTX 4060 8GB GDDR6 (140W TGP com MUX Switch),15.6,1920x1080,Full HD WVA/IPS 144Hz 250 nits antirreflexo,TRUE,Wi-Fi 6 (Intel AX201 802.11ax dual-band),TRUE,Membrana Gamer retroiluminado RGB com teclado numérico,TRUE,RGB Single Zone,TRUE,TRUE,Windows 11 Home / Linux,7999.00,novo,Avell Brasil Oficial / KaBuM!,MN000145,https://avell.com.br/notebooks,Notebook Gamer Avell Storm BS MN000145 Intel Core i7-13700HX 16GB DDR5 512GB SSD RTX 4060 8GB 15.6 FHD 144Hz WVA Win 11 Preto,Storm BS MN000145,"Intel Core i7-13700HX (16 núcleos / 24 threads até 5.00 GHz, 30MB Cache)",15.6 polegadas Full HD (1920 x 1080) WVA 144Hz 250 nits antirreflexo,Intel Wi-Fi 6 AX201 2x2 802.11ax + Bluetooth 5.2,Layout ABNT2 em português retroiluminado em RGB com teclado numérico dedicado,https://avell.com.br/notebooks,completed,2026-08-27T22:38:00-03:00,2026-08-27T22:38:00-03:00
AVL-STORM-560-MN000149,Avell,Storm,Storm 500,Storm 560 MN000149,Avell Storm 560 MN000149 AMD Ryzen 7 7735HS RTX 5060 144Hz,MN000149,MN000149,MN000149,7898956123958,7898956123958,Avell Storm 560; Storm 560 Ryzen 7 RTX 5060; Avell MN000149,AMD,Ryzen 7 7735HS,Série 7000 (Rembrandt R / Zen 3+),16,DDR5 5600MHz Dual Channel,512,SSD M.2 PCIe Gen4 NVMe,NVIDIA GeForce RTX 5060 8GB GDDR7 (115W TGP),16.0,1920x1080,Full HD WVA/IPS 144Hz antirreflexo (metal na tampa),TRUE,Wi-Fi 6 (802.11ax dual-band),TRUE,Membrana Gamer retroiluminado RGB com teclado numérico,TRUE,RGB,TRUE,TRUE,Windows 11 Home / Linux,8999.00,novo,Avell Brasil Oficial / Qual Notebook Comprar,MN000149,https://quenotebookcomprar.com.br/review-avell-liv-a72/,Notebook Gamer Avell Storm 560 MN000149 AMD Ryzen 7 7735HS 16GB DDR5 512GB SSD RTX 5060 16 FHD 144Hz WVA Win 11 Preto Metal,Storm 560 MN000149,"AMD Ryzen 7 7735HS (8 núcleos / 16 threads até 4.75 GHz, 16MB Cache L3)",16.0 polegadas Full HD (1920 x 1080) WVA 144Hz antirreflexo tampa em metal,Wi-Fi 6 802.11ax dual-band + Bluetooth 5.2,Layout ABNT2 em português retroiluminado RGB com teclado numérico,https://quenotebookcomprar.com.br/review-avell-liv-a72/,completed,2026-08-27T22:38:00-03:00,2026-08-27T22:38:00-03:00
POS-VIS-R15M-3003200,Positivo,Vision,Vision R15M,Vision R15M 3003200,Positivo Vision R15M 3003200 AMD Ryzen 3 7330U Minitela IPS,3003200,3003200,3003200,7908068814504,7908068814504,Positivo Vision R15M; Vision R15M Minitela; Positivo 3003200,AMD,Ryzen 3 7330U,Série 7000 (Barcelo-R / Zen 3),8,DDR4 3200MHz,512,SSD M.2 NVMe PCIe,AMD Radeon RX Vega 6,15.6,1920x1080,LED IPS 300 nits Full HD antirreflexo + Minitela multifuncional no chassi,TRUE,Wi-Fi 6 (802.11ax 2x2),TRUE,"Membrana com teclado numérico, Lumina Bar e Minitela interativa",FALSE,,TRUE,TRUE,Linux Debian / Windows 11 Home,2799.00,novo,Positivo Brasil Oficial / FastStore,3003200,https://loja.meupositivo.com.br/notebook-positivo-master-n1240-gen2-intel-celeron-n3350-shell-efi-4gb-500gb-hd-14-cinza-escuro-3052934/p,Notebook Positivo Vision R15M AMD Ryzen 3 7330U 8GB RAM 512GB SSD Tela 15.6 FHD IPS Wi-Fi 6 Minitela Lumina Bar Preto 3003200,Vision R15M 3003200,"AMD Ryzen 3 7330U (4 núcleos / 8 threads até 4.30 GHz, 8MB Cache L3)",15.6 polegadas Full HD (1920 x 1080) LED IPS 300 nits antirreflexo + Minitela no palmrest,Wi-Fi 6 (802.11ax) dual-band 2x2 + Bluetooth 5.2,"Layout ABNT2 em português com teclado numérico dedicado, Lumina Bar na webcam e Minitela",https://loja.meupositivo.com.br/notebook-positivo-master-n1240-gen2-intel-celeron-n3350-shell-efi-4gb-500gb-hd-14-cinza-escuro-3052934/p,completed,2026-08-27T22:38:00-03:00,2026-08-27T22:38:00-03:00
VAI-FE15-VJFE54F11X-B0111H,VAIO,FE15,FE15 VJFE54,FE15 VJFE54F11X-B0111H,VAIO FE15 VJFE54F11X-B0111H Intel Core i5-1235U 256GB SSD,VJFE54F11X-B0111H,VJFE54F11X-B0111H,VJFE54F11X-B0111H,7896904694550,7896904694550,VAIO FE15 VJFE54; VAIO FE15 i5-1235U 256GB; VJFE54F11X-B0111H,Intel,Core i5-1235U,12ª Geração (Alder Lake),8,DDR4 3200MHz,256,SSD M.2 NVMe PCIe,Intel Iris Xe Graphics G7 (80 EUs),15.6,1920x1080,LED Full HD antirreflexo 60Hz proporção 83% tela-corpo,TRUE,Wi-Fi 5 (802.11ac dual-band 2.4/5GHz),TRUE,Membrana com tecnologia Ergolift Tilt e teclado numérico,FALSE,,TRUE,TRUE,Windows 11 Home,2899.00,novo,Positivo / VAIO Brasil / Magazine Luiza,bgh5bd1jdg,https://www.magazineluiza.com.br/notebook-vaio-fe15-fhd-15-6-core-i5-1235u-8gb-ram-ssd-256gb-windows-11-home-vjfe54f11x-b0111h-cinza-grafite/p/bgh5bd1jdg/in/fe15/,Notebook VAIO FE15 FHD 15.6 Core i5-1235U 8GB RAM SSD 256GB Windows 11 Home VJFE54F11X-B0111H Cinza Grafite,FE15 VJFE54F11X-B0111H,"Intel Core i5-1235U (10 núcleos / 12 threads até 4.40 GHz, 12MB Cache)",15.6 polegadas Full HD (1920 x 1080) LED antirreflexo 60Hz,Wi-Fi 5 802.11 a/b/g/n/ac dual-band + Bluetooth 5.1,Layout ABNT2 em português resistente a derramamento de água com teclado numérico e inclinação TILT,https://www.magazineluiza.com.br/notebook-vaio-fe15-fhd-15-6-core-i5-1235u-8gb-ram-ssd-256gb-windows-11-home-vjfe54f11x-b0111h-cinza-grafite/p/bgh5bd1jdg/in/fe15/,completed,2026-08-27T22:38:00-03:00,2026-08-27T22:38:00-03:00
QBX-ATL-5000-I33317U,Qbex,Atlas,Atlas Mobile,Atlas Mobile 5000,Qbex Atlas Mobile 5000 Intel Core i3-3317U Touch,ATLAS-5000,ATLAS-5000,ATLAS-5000,7898555981204,7898555981204,Qbex Atlas 5000; Qbex Atlas Mobile; Qbex Touch i3,Intel,Core i3-3317U,3ª Geração (Ivy Bridge),4,DDR3 1600MHz,1000,Híbrido (500GB SSD + 500GB HD SATA),Intel HD Graphics 4000,14.0,1366x768,LED HD Touchscreen capacitiva multi-toque,FALSE,Wi-Fi 4 (802.11 b/g/n),FALSE,Membrana,FALSE,,FALSE,TRUE,Windows 8 / Windows 10,1199.00,usado,Qbex Brasil / Mercado Livre,MLB23092136,https://www.mercadolivre.com.br/blog/reviews/notebook-atlas-mobile-5000,Notebook Qbex Atlas Mobile 5000 Intel Core i3-3317U 4GB RAM 500GB SSD 500GB HD 14 Touch Windows 8,Atlas Mobile 5000,"Intel Core i3-3317U (2 núcleos / 4 threads, 1.70 GHz até 2.60 GHz, 3MB Cache)","14.0"" LED HD (1366 x 768) Touchscreen capacitiva",Wi-Fi 802.11 b/g/n + Bluetooth,Layout ABNT2 em português sem teclado numérico,https://www.mercadolivre.com.br/blog/reviews/notebook-atlas-mobile-5000,completed,2026-08-27T19:40:00-03:00,2026-08-27T19:40:00-03:00
PHI-BOK-PFI14-N3350,Philco,Philco Book,Book PFI14,Book PFI14,Philco Book PFI14 Intel Celeron N3350 128GB SSD,PFI14-N3350,PFI14-N3350,PNB14.1AC14S128W10,7891356094156,7891356094156,Philco Book PFI14; Philco PFI14; Philco Book Celeron,Intel,Celeron N3350,Intel Apollo Lake,4,LPDDR4,128,SSD M.2 SATA,Intel HD Graphics 500,14.1,1366x768,LED HD antirreflexo 60Hz,FALSE,Wi-Fi 4 (802.11 b/g/n),FALSE,Membrana,FALSE,,FALSE,TRUE,Windows 10 Home,1299.00,novo,Philco Brasil Oficial / Magazine Luiza,PFI14,https://www.mercadolivre.com.br/notebook-philco-tela-14-128gb-ssd-4gb-ram-windows-10-bivolt/up/MLBU1309807531,Notebook Philco Book PFI14 Intel Celeron N3350 4GB RAM 128GB SSD Tela 14.1 HD Windows 10 Home,Book PFI14,"Intel Celeron N3350 (2 núcleos / 2 threads até 2.40 GHz, 2MB Cache)","14.1"" LED HD (1366 x 768) antirreflexo",Wi-Fi 802.11 b/g/n + Bluetooth 4.0,Layout ABNT2 em português,https://www.mercadolivre.com.br/notebook-philco-tela-14-128gb-ssd-4gb-ram-windows-10-bivolt/up/MLBU1309807531,completed,2026-08-27T19:40:00-03:00,2026-08-27T19:40:00-03:00
DER-V14A-N5095-FHD,DERE,V Series,V14 Air,V14 Air,DERE V14 Air Intel Celeron N5095 FHD IPS,DR-V14A-N5095,DR-V14A-N5095,DR-V14A-N5095,6974892103566,6974892103566,DERE V14 Air; DERE 14 IPS N5095; DERE V14,Intel,Celeron N5095,Intel Jasper Lake (4 núcleos até 2.90 GHz),16,DDR4 2933MHz,512,SSD M.2 SATA / NVMe,Intel UHD Graphics (16 EUs),14.1,1920x1080,Full HD IPS 16:9 antirreflexo 300 nits bordas finas,TRUE,Wi-Fi 5 (802.11ac dual-band 2.4/5GHz),TRUE,Chiclet retroiluminado com leitor biométrico,TRUE,Branco,FALSE,FALSE,Windows 11 Pro,1899.00,novo,DERE Oficial / AliExpress Brasil / Mercado Livre,DR-V14A,https://www.tudocelular.com/mercado/noticias/n197760/dere-t30-pro-lancado-preco-especial-lancamento.html,Notebook DERE V14 Air Intel Celeron N5095 16GB RAM 512GB SSD Tela 14.1 FHD IPS Wi-Fi 5 AC Windows 11 Pro,V14 Air,"Intel Celeron N5095 (4 núcleos / 4 threads até 2.90 GHz, 4MB Cache)","14.1"" Full HD (1920 x 1080) IPS 16:9 antirreflexo 300 nits",Wi-Fi 5 802.11 a/b/g/n/ac dual-band 2.4/5GHz + Bluetooth 4.2,Layout US Internacional retroiluminado em branco com leitor biométrico integrado,https://www.tudocelular.com/mercado/noticias/n197760/dere-t30-pro-lancado-preco-especial-lancamento.html,completed,2026-08-27T19:40:00-03:00,2026-08-27T19:40:00-03:00
DAT-DCC4A-2-N4000,Daten,Smart,DCC4A,DCC4A-2,Daten DCC4A-2 Intel Celeron N4000 Corporativo,DCC4A-2,DCC4A-2,DCC4A-2,7898587120484,7898587120484,Daten DCC4A-2; Daten Celeron N4000; Daten Notebook Corporativo,Intel,Celeron N4000,Intel Gemini Lake,4,LPDDR4 2400MHz,128,SSD M.2 SATA,Intel UHD Graphics 600,14.0,1366x768,LED HD antirreflexo 60Hz,FALSE,Wi-Fi 5 (802.11ac dual-band 2.4/5GHz),TRUE,Membrana ABNT2 corporativo,FALSE,,FALSE,TRUE,Windows 10 Pro / Linux,1499.00,novo,Daten Tecnologia Brasil Oficial / Governo,DCC4A-2,https://pt.scribd.com/document/687715875/LOTE-5-DATEN-DCM4A-4-ESPECIFC-TECNICA,Notebook Daten DCC4A-2 Intel Celeron N4000 4GB RAM 128GB SSD Tela 14 HD Wi-Fi 5 AC Windows 10 Pro ABNT2,DCC4A-2,"Intel Celeron N4000 (2 núcleos / 2 threads até 2.60 GHz, 4MB Cache)","14.0"" LED HD (1366 x 768) antirreflexo",Wi-Fi 5 IEEE 802.11 a/b/g/n/ac 2.4/5GHz + Bluetooth 5.0,Layout Português do Brasil ABNT2 padrão com 84 teclas,https://pt.scribd.com/document/687715875/LOTE-5-DATEN-DCM4A-4-ESPECIFC-TECNICA,completed,2026-08-27T19:40:00-03:00,2026-08-27T19:40:00-03:00
CHU-GMP-N100-156,Chuwi,GemiBook,GemiBook Plus,GemiBook Plus 15.6,Chuwi GemiBook Plus Intel N100 15.6 FHD IPS,CW-GMP-N100,CW-GMP-N100,CW-GMP-N100,6974558231999,6974558231999,Chuwi GemiBook Plus; GemiBook Plus 15.6; Chuwi N100,Intel,Intel Processor N100,Intel Alder Lake-N (4 núcleos até 3.40 GHz),16,LPDDR5 4800MHz,512,SSD M.2 NVMe PCIe,Intel UHD Graphics (24 EUs),15.6,1920x1080,Full HD IPS 16:9 antirreflexo,TRUE,Wi-Fi 6 (Intel AX101 802.11ax),TRUE,Chiclet com teclado numérico,FALSE,,TRUE,FALSE,Windows 11 Home,2199.00,novo,Chuwi Oficial / Ubuy Brasil / AliExpress Brasil,CW-GMP,https://www.ubuy.com.br/pt/product/3U82CXU62-chuwi-ubook-11-6-touchscreen-windows-10-tablet-pc-intel-n4120-quad-core-processor-1080p-display-8gb-ram-256gb-ssd-with-type-c-usb-3-0-keyboard,Notebook Chuwi GemiBook Plus Intel N100 16GB RAM 512GB SSD Tela 15.6 Full HD IPS Wi-Fi 6 Windows 11,GemiBook Plus 15.6,"Intel Processor N100 (4 núcleos / 4 threads até 3.40 GHz, 6MB Cache)","15.6"" Full HD (1920 x 1080) IPS 16:9 antirreflexo",Wi-Fi 6 Intel AX101 802.11ax + Bluetooth 5.2,Layout US Internacional com teclado numérico integrado,https://www.ubuy.com.br/pt/product/3U82CXU62-chuwi-ubook-11-6-touchscreen-windows-10-tablet-pc-intel-n4120-quad-core-processor-1080p-display-8gb-ram-256gb-ssd-with-type-c-usb-3-0-keyboard,completed,2026-08-27T19:40:00-03:00,2026-08-27T19:40:00-03:00
INF-INB-X2-XL21-I5,Infinix,INBook,INBook X2,INBook X2 (XL21),Infinix INBook X2 XL21 Intel Core i5-1035G1 FHD IPS 100% sRGB,XL21-I5,XL21-I5,XL21-I5,4895180775123,4895180775123,Infinix INBook X2; INBook X2 i5; Infinix XL21,Intel,Core i5-1035G1,10ª Geração (Ice Lake),8,LPDDR4X 3733MHz,512,SSD M.2 NVMe PCIe 3.0,Intel UHD Graphics G1 (32 EUs),14.0,1920x1080,Full HD IPS 100% sRGB 300 nits antirreflexo (178° de visão),TRUE,Wi-Fi 5 (IEEE 802.11ac dual-band 2.4/5GHz),TRUE,Chiclet retroiluminado ultrafino em alumínio,TRUE,Branco,FALSE,FALSE,Windows 11 Home,2999.00,novo,Positivo / Infinix Brasil Oficial / Classic Phones,XL21,https://www.classic-phones.com/products/infinix-laptop-inbook-x2,Notebook Infinix INBook X2 XL21 Intel Core i5-1035G1 8GB RAM 512GB SSD 14 FHD IPS 100% sRGB Wi-Fi 5 Windows 11 Cinza,INBook X2 XL21,"Intel Core i5-1035G1 (4 núcleos / 8 threads até 3.60 GHz, 6MB Cache)","14.0"" Full HD (1920 x 1080) IPS 300 nits 100% sRGB ângulo de 178 graus",Wi-Fi IEEE 802.11 a/b/g/n/ac 160MHz 2.4GHz e 5GHz + Bluetooth 5.1,Teclado Chiclet retroiluminado em tamanho normal com Dual-Star Light na webcam,https://www.classic-phones.com/products/infinix-laptop-inbook-x2,completed,2026-08-27T19:40:00-03:00,2026-08-27T19:40:00-03:00
POS-MAS-N6440-3053499,Positivo,Master,Master N6440,Master N6440 3053499,Positivo Master N6440 3053499 Intel Core i3-1215U MIL-STD,3053499,3053499,3053499,7908068806479,7908068806479,Positivo Master N6440; Master N6440 i3-1215U; Positivo 3053499,Intel,Core i3-1215U,12ª Geração (Alder Lake),8,DDR4 3200MHz (expansível até 64GB),256,SSD M.2 PCIe Gen4 NVMe,Intel UHD Graphics (64 EUs),14.0,1920x1080,LED Full HD antirreflexo (certificação militar MIL-STD-810H),TRUE,Wi-Fi 6 (802.11ax 2x2),TRUE,Membrana corporativo resistente com leitor biométrico Touch,FALSE,,FALSE,TRUE,Shell EFI / Windows 11 Pro,2599.00,novo,Positivo Brasil Oficial / MultiCompany,3053499,https://www.multicompany.com.br/acessorios-de-telefonia/notebook-positivo-master-n6440-intel-core-i3-1215u-ram-8-gb-ssd-256-gb-windows-11-professional,Notebook Positivo Master N6440 Intel Core i3-1215U 8GB RAM 256GB SSD 14 FHD Wi-Fi 6 MIL-STD 810H Windows 11 Pro 3053499,Master N6440 3053499,"Intel Core i3-1215U (6 núcleos / 8 threads até 4.40 GHz, 10MB Cache)","14.0"" LED Full HD (1920 x 1080) antirreflexo",Wi-Fi 6 (802.11ax) dual-band + Bluetooth 5.2 + TPM 2.0,Layout ABNT2 em português resistente a derramamento com leitor de impressão digital Touch,https://www.multicompany.com.br/acessorios-de-telefonia/notebook-positivo-master-n6440-intel-core-i3-1215u-ram-8-gb-ssd-256-gb-windows-11-professional,completed,2026-08-27T19:40:00-03:00,2026-08-27T19:40:00-03:00
ASU-TUF-A16-FA617NS-R77735HS,ASUS,TUF Gaming,TUF Gaming A16 Advantage Edition,FA617NS,ASUS TUF Gaming A16 FA617NS AMD Ryzen 7 7735HS Radeon RX 7600S,FA617NS-N3085W,FA617NS-N3085W,90NR0E62-M004D0,4711387123980,4711387123980,ASUS TUF Gaming A16; TUF A16 Advantage Edition; FA617NS Ryzen 7 RX 7600S,AMD,Ryzen 7 7735HS,Série 7000 (Rembrandt R / Zen 3+),16,DDR5 4800MHz Dual Channel,512,SSD M.2 PCIe 4.0 NVMe,AMD Radeon RX 7600S 8GB GDDR6 (95W SmartShift),16.0,1920x1200,FHD+ IPS 16:10 165Hz 300 nits 100% sRGB FreeSync Premium,TRUE,Wi-Fi 6 (802.11ax 2x2 dual-band),TRUE,Chiclet Gamer retroiluminado com teclado numérico,TRUE,Branco,TRUE,TRUE,Windows 11 Home,7999.00,novo,ASUS Brasil Oficial / KaBuM!,FA617NS-N3085W,https://www.mercadolivre.com.br/notebook-gamer-asus-tuf-a16-amd-ryzen-7-7445hs/p/MLB38291048,Notebook Gamer ASUS TUF Gaming A16 FA617NS AMD Ryzen 7 7735HS 16GB DDR5 512GB SSD Radeon RX 7600S 16 FHD+ IPS 165Hz Win 11,TUF Gaming A16 FA617NS,"AMD Ryzen 7 7735HS (8 núcleos / 16 threads até 4.75 GHz, 16MB Cache L3, 35-54W)","16.0"" FHD+ (1920 x 1200) IPS 16:10 165Hz 300 nits 100% sRGB FreeSync Premium",Wi-Fi 6 (802.11ax) dual-band 2x2 + Bluetooth 5.2,Layout ABNT2 em português retroiluminado com teclado numérico integrado,https://www.mercadolivre.com.br/notebook-gamer-asus-tuf-a16-amd-ryzen-7-7445hs/p/MLB38291048,completed,2026-08-27T20:30:00-03:00,2026-08-27T20:30:00-03:00
SAM-GB4-ULTRA-NP960XGL-XG1BR,Samsung,Galaxy Book,Galaxy Book4 Ultra,NP960XGL-XG1BR,Samsung Galaxy Book4 Ultra NP960XGL-XG1BR Intel Core Ultra 9 185H RTX 4070,NP960XGL-XG1BR,NP960XGL-XG1BR,NP960XGL-XG1BR,7892509134101,7892509134101,Samsung Galaxy Book4 Ultra; Galaxy Book4 Ultra Ultra 9; NP960XGL-XG1,Intel,Core Ultra 9 185H,Intel Core Ultra Série 1 (Meteor Lake com NPU),32,LPDDR5X 7467MHz Quad Channel,1024,SSD M.2 PCIe 4.0 NVMe,NVIDIA GeForce RTX 4070 8GB GDDR6 (80W TGP Studio Edition),16.0,2880x1800,3K WQXGA+ Dynamic AMOLED 2X Touchscreen 120Hz 400 nits 120% DCI-P3 antirreflexo DXC,TRUE,Wi-Fi 6E (Intel AX211 802.11ax 2x2),TRUE,Pro retroiluminado com teclado numérico e áudio AKG Quad Speakers (1.86kg),TRUE,Branco,TRUE,TRUE,Windows 11 Home,18999.00,novo,Samsung Brasil Oficial / Fast Shop / KaBuM!,NP960XGL-XG1BR,https://shop.samsung.com/br/galaxy-book4-ultra-core-ultra-9/p,Notebook Samsung Galaxy Book4 Ultra NP960XGL-XG1BR Intel Core Ultra 9 185H 32GB LPDDR5X 1TB SSD RTX 4070 16 3K AMOLED 120Hz Touch Win 11,Galaxy Book4 Ultra NP960XGL-XG1BR,"Intel Core Ultra 9 185H (16 núcleos / 22 threads até 5.10 GHz, 24MB Cache, Intel AI Boost NPU)","16.0"" 3K WQXGA+ (2880 x 1800) Dynamic AMOLED 2X 120Hz Touchscreen 400 nits 120% DCI-P3 antirreflexo",Wi-Fi 6E 802.11ax 2x2 + Bluetooth 5.3,Layout Pro ABNT2 em português retroiluminado com teclado numérico e alto-falantes AKG Quad Dolby Atmos,https://shop.samsung.com/br/galaxy-book4-ultra-core-ultra-9/p,completed,2026-08-27T20:30:00-03:00,2026-08-27T20:30:00-03:00
APP-MBA15-M3-MXD43BZ/A,Apple,MacBook Air,MacBook Air 15,"MacBook Air 15 (M3, 2024)",Apple MacBook Air 15 M3 MXD43BZ/A 16GB 512GB Meia-noite,MXD43BZ/A,MXD43BZ/A,MXD43BZ/A,195949131486,195949131486,MacBook Air 15 M3; Apple MacBook Air 15 A3114; MacBook Air 2024 M3,Apple,Apple M3 (8-core CPU / 10-core GPU),Apple Silicon M3 (3nm),16,LPDDR5 Unificada 100GB/s,512,SSD PCIe Integrado,Apple M3 10-Core GPU (Ray Tracing por hardware),15.3,2880x1864,Liquid Retina LED IPS 500 nits Wide Color (P3) True Tone,TRUE,Wi-Fi 6E (802.11ax 6GHz),TRUE,Magic Keyboard retroiluminado com Touch ID,TRUE,Branco,FALSE,FALSE,macOS Sonoma / Sequoia,14999.00,novo,Apple Brasil Oficial / Magazine Luiza / KaBuM!,536179,https://www.magazineluiza.com.br/macbook-air-apple-15-m3-cpu-de-8-nucleos-gpu-de-10-nucleos-16gb-ram-ssd-512gb-meia-noite-mxd43bz-a/p/jc2e1ca5c6/in/mack/,MacBook Air Apple 15 M3 CPU de 8 Núcleos GPU de 10 Núcleos 16GB RAM SSD 512GB Meia-noite MXD43BZ/A,"MacBook Air 15"" A3114 (MXD43BZ/A)","Apple M3 (CPU de 8 núcleos com 4 de desempenho e 4 de eficiência, Neural Engine de 16 núcleos)","15.3"" Liquid Retina (2880 x 1864) retroiluminada por LED com tecnologia IPS 500 nits True Tone",Rede Wi-Fi 6E 802.11ax + Bluetooth 5.3 + MagSafe 3,Magic Keyboard retroiluminado com sensor Touch ID (layout US internacional),https://www.magazineluiza.com.br/macbook-air-apple-15-m3-cpu-de-8-nucleos-gpu-de-10-nucleos-16gb-ram-ssd-512gb-meia-noite-mxd43bz-a/p/jc2e1ca5c6/in/mack/,completed,2026-08-27T20:30:00-03:00,2026-08-27T20:30:00-03:00
ASU-ROG-ZEPH-G14-GA403UI,ASUS,ROG,ROG Zephyrus G14,GA403UI,ASUS ROG Zephyrus G14 GA403UI AMD Ryzen 9 8945HS RTX 4070 3K OLED 120Hz,GA403UI-QS026W,GA403UI-QS026W,90NR0I01-M003N0,7908078441868,7908078441868,ASUS ROG Zephyrus G14 2024; Zephyrus G14 GA403UI; ROG G14 Ryzen 9 RTX 4070,AMD,Ryzen 9 8945HS,Série 8000 (Hawk Point / Zen 4 com Ryzen AI NPU 16 TOPS),32,LPDDR5X 6400MHz Dual Channel Soldered,1024,SSD M.2 2280 PCIe 4.0 NVMe,NVIDIA GeForce RTX 4070 8GB GDDR6 (90W TGP com ROG Boost),14.0,2880x1800,ROG Nebula Display 3K OLED 16:10 120Hz 0.2ms 500 nits 100% DCI-P3 G-Sync Pantone,TRUE,Wi-Fi 6E (802.11ax triple-band 2x2),TRUE,Chiclet Gamer retroiluminado RGB 1-Zone com Slash Lighting na tampa CNC de alumínio (1.50kg),TRUE,RGB 1-zone,FALSE,FALSE,Windows 11 Home / Pro,17999.00,novo,ASUS Brasil Oficial / Mercado Livre / Microless,GA403UI,https://www.mercadolivre.com.br/notebook-gamer-rog-zephyrus-g14-ga403ui-ryzen-9-rtx-4070/up/MLBU1477693521,Notebook Gamer ASUS ROG Zephyrus G14 GA403UI AMD Ryzen 9 8945HS 32GB RAM 1TB SSD RTX 4070 14 3K OLED 120Hz Win 11 Eclipse Gray,ROG Zephyrus G14 GA403UI,"AMD Ryzen 9 8945HS (8 núcleos / 16 threads até 5.20 GHz, 16MB Cache L3, AMD Ryzen AI)","14.0"" 3K (2880 x 1800) ROG Nebula OLED 16:10 120Hz 0.2ms 500 nits 100% DCI-P3 G-Sync Dolby Vision",Wi-Fi 6E 802.11ax triple band 2x2 + Bluetooth 5.3 + USB4 40Gbps,Layout US Internacional retroiluminado em RGB com 4 alto-falantes Smart Amp e Slash Lighting,https://www.mercadolivre.com.br/notebook-gamer-rog-zephyrus-g14-ga403ui-ryzen-9-rtx-4070/up/MLBU1477693521,completed,2026-08-27T20:30:00-03:00,2026-08-27T20:30:00-03:00
HP-ELITEBOOK-840G10-I71355U,HP,EliteBook,EliteBook 840 G10,EliteBook 840 G10,HP EliteBook 840 G10 Intel Core i7-1355U WUXGA IPS,A09FQLA#AK4,A09FQLA#AK4,8A4L8EA,197497389104,197497389104,HP EliteBook 840 G10; EliteBook 840 i7-1355U; HP 840 G10,Intel,Core i7-1355U,13ª Geração (Raptor Lake),16,DDR5 5200MHz SO-DIMM,512,SSD M.2 PCIe Gen4 NVMe TLC,Intel Iris Xe Graphics G7 (96 EUs),14.0,1920x1200,WUXGA IPS 16:10 antirreflexo 250 nits 45% NTSC HP Sure View,TRUE,Wi-Fi 6E (Intel AX211 802.11ax 2x2),TRUE,HP Premium resistente a derramamento de líquidos retroiluminado com leitor biométrico,TRUE,Branco,FALSE,TRUE,Windows 11 Pro,7499.00,novo,HP Brasil Oficial / Mercado Livre / Farol da Tecnologia,A09FQLA,https://www.faroldatecnologia.com.br/hp/hp-pc-notebook-elitebook-840-g10-14-i7-1355u-16gb-ddr5-256gb-ssd-w11-pro64-a09fqla-ak4,Notebook HP EliteBook 840 G10 Intel Core i7-1355U 16GB DDR5 512GB SSD 14 WUXGA IPS Win 11 Pro Prata A09FQLA,EliteBook 840 G10 (A09FQLA#AK4),"Intel Core i7-1355U (10 núcleos / 12 threads até 5.00 GHz, 12MB Cache)","14.0"" WUXGA (1920 x 1200) IPS 16:10 antirreflexo 250 nits",Intel Wi-Fi 6E AX211 2x2 802.11ax + Bluetooth 5.3,Layout ABNT2 em português retroiluminado resistente a respingos com leitor de digitais,https://www.faroldatecnologia.com.br/hp/hp-pc-notebook-elitebook-840-g10-14-i7-1355u-16gb-ddr5-256gb-ssd-w11-pro64-a09fqla-ak4,completed,2026-08-27T20:30:00-03:00,2026-08-27T20:30:00-03:00
VAI-FE14-VJFE44F11X-B0721H,VAIO,FE14,FE14 VJFE44,FE14 VJFE44F11X-B0721H,VAIO FE14 VJFE44F11X-B0721H Intel Core i3-1215U,VJFE44F11X-B0721H,VJFE44F11X-B0721H,VJFE44F11X-B0721H,7896904693898,7896904693898,VAIO FE14 VJFE44; VAIO FE14 i3-1215U; VJFE44F11X,Intel,Core i3-1215U,12ª Geração (Alder Lake),4,DDR4 3200MHz,256,SSD M.2 NVMe PCIe,Intel UHD Graphics (64 EUs),14.0,1920x1080,LED Full HD antirreflexo 60Hz,TRUE,Wi-Fi 5 (802.11ac dual-band 2.4/5GHz),TRUE,Membrana com tecnologia Ergolift Tilt,FALSE,,FALSE,TRUE,Windows 11 Home,2399.00,novo,Positivo / VAIO Brasil / Magazine Luiza / KaBuM!,379249,https://www.magazineluiza.com.br/notebook-vaio-fe14-intel-core-i3-1215u-4gb-ram-ssd-256gb-14-full-hd-windows-11-cinza-grafite-vjfe44f11x-b0721h/p/aa7a541h40/in/fe15/,Notebook VAIO FE14 Intel Core i3-1215U 4GB RAM SSD 256GB 14 Full HD Windows 11 Cinza Grafite VJFE44F11X-B0721H,FE14 VJFE44F11X-B0721H,"Intel Core i3-1215U (6 núcleos / 8 threads até 4.40 GHz, 10MB Cache)","14.0"" Full HD (1920 x 1080) LED antirreflexo",Wi-Fi 5 802.11 a/b/g/n/ac dual-band + Bluetooth 5.1,Layout ABNT2 em português resistente a água com inclinação Ergolift Tilt,https://www.magazineluiza.com.br/notebook-vaio-fe14-intel-core-i3-1215u-4gb-ram-ssd-256gb-14-full-hd-windows-11-cinza-grafite-vjfe44f11x-b0721h/p/aa7a541h40/in/fe15/,completed,2026-08-27T20:30:00-03:00,2026-08-27T20:30:00-03:00
LEN-LEG-PRO5-16IRX9-I714650HX,Lenovo,Legion,Legion Pro 5,16IRX9 (83DF),Lenovo Legion Pro 5 16IRX9 Intel Core i7-14650HX RTX 4060 WQXGA 165Hz,83DF000JBR,83DF000JBR,83DF000JBR,198153123459,198153123459,Lenovo Legion Pro 5; Legion Pro 5 Gen 9; Lenovo 83DF,Intel,Core i7-14650HX,"14ª Geração (Raptor Lake Refresh, 55W base)",16,DDR5 5600MHz Dual Channel,1024,SSD M.2 2280 PCIe 4.0 NVMe,NVIDIA GeForce RTX 4060 8GB GDDR6 (140W TGP com MUX Switch e chip AI LA1),16.0,2560x1600,WQXGA IPS 16:10 165Hz 300 nits 100% sRGB G-Sync Dolby Vision,TRUE,Wi-Fi 6E (802.11ax 2x2),TRUE,Legion TrueStrike retroiluminado RGB 4 zonas com teclado numérico,TRUE,RGB 4 zonas,TRUE,TRUE,Windows 11 Home,10999.00,novo,Lenovo Brasil Oficial / KaBuM!,83DF000JBR,https://psref.lenovo.com/Product/Legion/Legion_Pro_7_16IRX9H?MT=83DE,Notebook Gamer Lenovo Legion Pro 5 16IRX9 Intel Core i7-14650HX 16GB DDR5 1TB SSD RTX 4060 8GB 16 WQXGA IPS 165Hz Win 11 Onyx Grey,Legion Pro 5 16IRX9 83DF,"Intel Core i7-14650HX (16 núcleos / 24 threads até 5.20 GHz, 30MB Cache, chip AI LA1)","16.0"" WQXGA (2560 x 1600) IPS 16:10 165Hz 300 nits 100% sRGB G-Sync Dolby Vision",Wi-Fi 6E 802.11ax 2x2 + Bluetooth 5.2,Layout ABNT2 em português TrueStrike com teclado numérico e retroiluminação RGB 4 zonas,https://psref.lenovo.com/Product/Legion/Legion_Pro_7_16IRX9H?MT=83DE,completed,2026-08-27T20:30:00-03:00,2026-08-27T20:30:00-03:00
INF-INB-Y2P-XL29-I5,Infinix,INBook,INBook Y2 Plus,INBook Y2 Plus (XL29),Infinix INBook Y2 Plus Intel Core i5-1155G7 FHD IPS,XL29-I5,XL29-I5,XL29-I5,7898555779014,7898555779014,Infinix INBook Y2 Plus; INBook Y2 Plus i5; Infinix XL29,Intel,Core i5-1155G7,"11ª Geração (Tiger Lake, 28W)",16,LPDDR4X 4266MHz,512,SSD M.2 NVMe PCIe 3.0,Intel Iris Xe Graphics G7 (80 EUs),15.6,1920x1080,Full HD IPS 260 nits 83% sRGB 60Hz antirreflexo,TRUE,Wi-Fi 5 (Intel Wireless-AC 9461 802.11ac dual-band),TRUE,Chiclet retroiluminado com teclado numérico,TRUE,Branco,TRUE,TRUE,Windows 11 Home,2999.00,novo,Positivo / Infinix Brasil Oficial,XL29,https://loja.meupositivo.com.br/,Notebook Infinix INBook Y2 Plus Intel Core i5-1155G7 16GB RAM 512GB SSD Tela 15.6 FHD IPS Wi-Fi 5 Windows 11 Cinza,INBook Y2 Plus XL29,"Intel Core i5-1155G7 (4 núcleos / 8 threads até 4.50 GHz, 8MB Cache)","15.6"" Full HD (1920 x 1080) IPS 260 nits 60Hz 16:9",Wi-Fi 5 802.11 a/b/g/n/ac dual-band 2.4/5GHz + Bluetooth 5.1,Layout ABNT2 retroiluminado com teclado numérico dedicado,https://loja.meupositivo.com.br/,completed,2026-08-27T15:25:00-03:00,2026-08-27T15:25:00-03:00
MIC-IRO-I5XX-450M,Microboard,Iron,Iron I5XX,Iron I5XX,Microboard Iron I5XX Intel Core i5-450M,I5XX,I5XX,I5XX,7898934120158,7898934120158,Microboard Iron I5XX; Microboard Iron i5; Microboard 14 LED,Intel,Core i5-450M,1ª Geração (Arrandale / Nehalem),6,DDR3 1066MHz,120,SSD SATA 2.5,Intel HD Graphics (Arrandale),14.0,1366x768,LED HD Widescreen 60Hz,FALSE,Wi-Fi 4 (802.11 b/g/n),FALSE,Membrana,FALSE,,FALSE,TRUE,Windows 7 / Windows 10,650.00,usado,Microboard Brasil / Mercado Livre,MLBU1185864020,https://www.mercadolivre.com.br/notebook-microboard-iron-i5xx-i5-6gb-120gb-windows-14-led/up/MLBU1185864020,Notebook Microboard Iron I5XX Intel Core i5-450M 6GB RAM 120GB SSD Tela 14 LED Windows,Iron I5XX,"Intel Core i5-450M (2 núcleos / 4 threads, 2.40 GHz até 2.66 GHz Turbo, 3MB Cache)","14.0"" LED HD (1366 x 768)",Wi-Fi 802.11 b/g/n + Gigabit Ethernet RJ-45,Layout ABNT2 padrão em português com 88 teclas,https://www.mercadolivre.com.br/notebook-microboard-iron-i5xx-i5-6gb-120gb-windows-14-led/up/MLBU1185864020,completed,2026-08-27T15:25:00-03:00,2026-08-27T15:25:00-03:00
MUL-ULT-UB530,Multilaser,Ultra,Ultra UB,Ultra UB530,Multilaser Ultra UB530 Intel Core i5-8250U,UB530,UB530,UB530,7899838899903,7899838899903,Multilaser Ultra UB530; Notebook Ultra UB530; Ultra i5 8ª Ger,Intel,Core i5-8250U,8ª Geração (Kaby Lake Refresh),8,DDR4 2400MHz,240,SSD M.2 SATA,Intel UHD Graphics 620,14.0,1366x768,LED HD antirreflexo,FALSE,Wi-Fi 4 (802.11 b/g/n),FALSE,Membrana compacto,FALSE,,FALSE,TRUE,Windows 10 Home,2299.00,novo,Multilaser Brasil / KaBuM!,UB530,https://www.mercadolivre.com.br/blog/reviews/multilaser-ultra-ub430,Notebook Multilaser Ultra UB530 Intel Core i5-8250U 8GB RAM 240GB SSD 14 HD Windows 10 Home Prata,Ultra UB530,"Intel Core i5-8250U (4 núcleos / 8 threads até 3.40 GHz, 6MB Cache)","14.0"" HD (1366 x 768) LED antirreflexo",IEEE 802.11 b/g/n + Bluetooth 4.0,Layout ABNT2 em português,https://www.mercadolivre.com.br/blog/reviews/multilaser-ultra-ub430,completed,2026-08-27T15:25:00-03:00,2026-08-27T15:25:00-03:00
NIN-N15A-N95-FHD,Ninkear,N Series,N15 Air,N15 Air,Ninkear N15 Air Intel Processor N95 15.6 FHD IPS,NK-N15A-N95,NK-N15A-N95,NK-N15A-N95,6975218901999,6975218901999,Ninkear N15 Air; N15 Air N95; Ninkear 15.6 IPS N95,Intel,Intel Processor N95,"Intel Alder Lake-N (4 núcleos até 3.40 GHz, 15W TDP)",16,DDR4 3200MHz,512,SSD M.2 PCIe 3.0 NVMe,Intel UHD Graphics (16 EUs),15.6,1920x1080,Full HD IPS antirreflexo 250 nits 45% NTSC (HKC MB156CS01-8),TRUE,Wi-Fi 5 (802.11ac dual-band 2.4/5GHz),TRUE,"Chiclet com numérico, 3 níveis de retroiluminação e leitor biométrico",TRUE,Branco,TRUE,FALSE,Windows 11 Pro,1899.00,novo,Ninkear Oficial / AliExpress Brasil,NK-N15A,https://ninkear.com/blogs/news/experience-extreme-portability-the-ninkear-n15-air-entry-level-laptop,Notebook Ninkear N15 Air Intel N95 16GB RAM 512GB SSD Tela 15.6 FHD IPS Teclado Retroiluminado Wi-Fi 5 Win 11 Pro,N15 Air,"Intel Processor N95 (4 núcleos / 4 threads até 3.40 GHz, 6MB Cache)","15.6"" Full HD (1920 x 1080) IPS painel HKC MB156CS01-8 antirreflexo 250 nits",Wi-Fi 5 802.11ac dual-band 2.4GHz / 5GHz + Bluetooth 4.2,"Layout US Internacional com teclado numérico dedicado, retroiluminação branca de 3 níveis e sensor biométrico no touchpad",https://ninkear.com/blogs/news/experience-extreme-portability-the-ninkear-n15-air-entry-level-laptop,completed,2026-08-27T15:25:00-03:00,2026-08-27T15:25:00-03:00
POS-MAS-N4340-I310110U,Positivo,Master,Master N4340,Master N4340 (6-71-NL4C0-D02B),Positivo Master N4340 Intel Core i3-10110U Alumínio,NL40MUMB-0D,3002450,6-71-NL4C0-D02B,7896904692341,7896904692341,Positivo Master N4340; Master N4340 i3; Positivo NL40,Intel,Core i3-10110U,10ª Geração (Comet Lake),8,DDR4 2666MHz SO-DIMM (expansível até 64GB),256,SSD M.2 PCIe NVMe,Intel UHD Graphics,14.0,1920x1080,Full HD IPS antirreflexo estrutura em alumínio,TRUE,Wi-Fi 5 (Intel Wireless-AC 9462 802.11ac dual-band),TRUE,Membrana corporativo retroiluminado,TRUE,Branco,FALSE,TRUE,Windows 10 / Windows 11 Pro,2599.00,novo,Positivo Brasil Corporativo / Scribd / Shopee Brasil,58201757405,https://pt.scribd.com/document/820280959/NOTEBOOK-N4340,Notebook Corporativo Positivo Master N4340 Intel Core i3-10110U 8GB RAM 256GB SSD 14 FHD IPS Retroiluminado Alumínio Win 11 Pro,Master N4340,"Intel Core i3-10110U (2 núcleos / 4 threads até 4.10 GHz, 4MB Cache)","14.0"" Full HD (1920 x 1080) painel IPS antirreflexo com estrutura em alumínio",Wi-Fi 5 Intel 802.11ac 2.4/5GHz + Bluetooth 5.0,Layout ABNT2 retroiluminado em branco resistente a líquidos,https://pt.scribd.com/document/820280959/NOTEBOOK-N4340,completed,2026-08-27T15:25:00-03:00,2026-08-27T15:25:00-03:00
CHU-LBP-N4100-FHD,Chuwi,LapBook,LapBook Pro,LapBook Pro,Chuwi LapBook Pro Intel Celeron N4100 14.1 FHD IPS,CWI530,CWI530,CWI530,6974558230558,6974558230558,Chuwi LapBook Pro; LapBook Pro CWI530; Chuwi 14.1 IPS N4100,Intel,Celeron N4100,Intel Gemini Lake (14nm),8,LPDDR4,256,SSD M.2 SATA 2280,Intel UHD Graphics 600,14.1,1920x1080,Full HD IPS antirreflexo 90% proporção tela-corpo (bordas ultrafinas de 5.8mm),TRUE,Wi-Fi 5 (Intel AC 7265 802.11ac dual-band),TRUE,Chiclet retroiluminado em magnésio,TRUE,Branco,FALSE,FALSE,Windows 10 / Windows 11 Home,1799.00,novo,Chuwi Oficial / Ubuy Brasil / AliExpress Brasil,CWI530,https://www.ubuy.com.br/en/brand/chuwi,Notebook Chuwi LapBook Pro Intel Celeron N4100 8GB RAM 256GB SSD Tela 14.1 FHD IPS Bordas Finas Teclado Retroiluminado,LapBook Pro CWI530,"Intel Celeron N4100 (4 núcleos / 4 threads até 2.40 GHz, 4MB Cache)","14.1"" Full HD (1920 x 1080) IPS 90% proporção tela-corpo",Wi-Fi 5 802.11ac dual-band 2.4GHz / 5GHz + Bluetooth 4.2,Layout US Internacional retroiluminado em branco com corpo em liga de magnésio,https://www.ubuy.com.br/en/brand/chuwi,completed,2026-08-27T15:25:00-03:00,2026-08-27T15:25:00-03:00
POS-VIS-C14-3003006-N4500,Positivo,Vision,Vision C14,Vision C14 3003006,Positivo Vision C14 3003006 Intel Celeron N4500 Lumina Bar,3003006,3003006,3003006,7908068813002,7908068813002,Positivo Vision C14; Vision C14 N4500; Positivo 3003006,Intel,Celeron N4500,Intel Jasper Lake (10nm),4,LPDDR4X Soldered,128,eMMC 5.1 (com slot de expansão SSD M.2),Intel UHD Graphics (16 EUs),14.1,1366x768,LED HD antirreflexo com Lumina Bar,FALSE,Wi-Fi 5 (802.11ac dual-band),TRUE,Membrana com tecla Link e Lumina Bar,FALSE,,FALSE,TRUE,Windows 11 Home / Linux,1399.00,novo,Positivo Brasil Oficial / Magazine Luiza,3003006,https://www.magazineluiza.com.br/busca/notebook+positivo+vision+i15+lumina+bar+intel+core+i3+11th+8gb+256gb+ssd500gb+hdd+tela+15+polegadas+hd+windows+11/,Notebook Positivo Vision C14 Intel Celeron N4500 4GB RAM 128GB eMMC 14.1 HD Lumina Bar Windows 11 Home Cinza 3003006,Vision C14 3003006,"Intel Celeron N4500 (2 núcleos / 2 threads até 2.80 GHz, 4MB Cache, 10nm)","14.1"" LED HD (1366 x 768) antirreflexo",Wi-Fi 5 802.11ac dual-band (2.4GHz e 5GHz) + Bluetooth 5.0,Layout ABNT2 em português com webcam Lumina Bar integrada,https://www.magazineluiza.com.br/busca/notebook+positivo+vision+i15+lumina+bar+intel+core+i3+11th+8gb+256gb+ssd500gb+hdd+tela+15+polegadas+hd+windows+11/,completed,2026-08-27T15:25:00-03:00,2026-08-27T15:25:00-03:00
DAT-SMT-DCM4A-4-I3,Daten,,,DCM4A-4,,,,,unknown,unknown,,,,,,,,,,,,,,,,,,,,,,,,,,,,,,,,,,,,2026-08-27T14:41:00-03:00
NIN-N14P-I71165G7,Ninkear,,,N14 Pro,,,,,unknown,unknown,,,,,,,,,,,,,,,,,,,,,,,,,,,,,,,,,,,,2026-08-27T14:41:00-03:00
SAM-GB4E-NP750XQA-KB2BR,Samsung,,,Galaxy Book4 Edge 15.6,,,,,unknown,unknown,,,,,,,,,,,,,,,,,,,,,,,,,,,,,,,,,,moved,2026-08-27T03:40:58-03:00,2026-08-27T03:40:58-03:00
LEN-TP-P14SG5-21G2,Lenovo,,,ThinkPad P14s Gen 5,,,,,unknown,unknown,,,,,,,,,,,,,,,,,,,,,,,,,,,,,,,,,,moved,2026-08-27T04:45:24-03:00,2026-08-27T04:45:24-03:00
DEL-INS-14P-7440-SNAP,Dell,,,Inspiron 14 Plus 7440,,,,,unknown,unknown,,,,,,,,,,,,,,,,,,,,,,,,,,,,,,,,,,moved,2026-08-27T04:45:24-03:00,2026-08-27T04:45:24-03:00
ASU-ROG-GU604VI-M16,ASUS,,,ROG Zephyrus M16 GU604,,,,,unknown,unknown,,,,,,,,,,,,,,,,,,,,,,,,,,,,,,,,,,moved,2026-08-27T04:45:24-03:00,2026-08-27T04:45:24-03:00
ACE-NV16-ANV16-41-R5J0,Acer,,,Nitro V 16 ANV16-41,,,,,unknown,unknown,,,,,,,,,,,,,,,,,,,,,,,,,,,,,,,,,,moved,2026-08-27T05:57:04-03:00,2026-08-27T05:57:04-03:00
DEL-LAT-7455-X1E80100,Dell,,,Latitude 7455,,,,,unknown,unknown,,,,,,,,,,,,,,,,,,,,,,,,,,,,,,,,,,moved,2026-08-27T05:57:04-03:00,2026-08-27T05:57:04-03:00
SAM-GB4E-16-NP960XMB,Samsung,,,Galaxy Book4 Edge 16,,,,,unknown,unknown,,,,,,,,,,,,,,,,,,,,,,,,,,,,,,,,,,moved,2026-08-27T06:30:50-03:00,2026-08-27T06:30:50-03:00
LEN-TP-L14G5-21L1,Lenovo,,,ThinkPad L14 Gen 5,,,,,unknown,unknown,,,,,,,,,,,,,,,,,,,,,,,,,,,,,,,,,,moved,2026-08-27T06:30:50-03:00,2026-08-27T06:30:50-03:00
ASU-TUF-FA617NS-N3003W,ASUS,,,TUF Gaming A16,,,,,unknown,unknown,,,,,,,,,,,,,,,,,,,,,,,,,,,,,,,,,,moved,2026-08-27T06:30:50-03:00,2026-08-27T06:30:50-03:00
ASU-ZB-UX5406SA-QL512W,ASUS,,,Zenbook S 14 UX5406,,,,,unknown,unknown,,,,,,,,,,,,,,,,,,,,,,,,,,,,,,,,,,moved,2026-08-27T07:48:59-03:00,2026-08-27T07:48:59-03:00
DEL-INS-16P-7640-U7155H,Dell,,,Inspiron 16 Plus 7640,,,,,unknown,unknown,,,,,,,,,,,,,,,,,,,,,,,,,,,,,,,,,,moved,2026-08-27T07:48:59-03:00,2026-08-27T07:48:59-03:00
HP-VIC16-16-R1065TX,HP,,,Victus 16-r1000,,,,,unknown,unknown,,,,,,,,,,,,,,,,,,,,,,,,,,,,,,,,,,moved,2026-08-27T07:48:59-03:00,2026-08-27T07:48:59-03:00
LEN-YOGA-AURA15-83HM0004BR,Lenovo,,,Yoga Slim 7i Aura Edition 15,,,,,unknown,unknown,,,,,,,,,,,,,,,,,,,,,,,,,,,,,,,,,,moved,2026-08-27T08:21:15-03:00,2026-08-27T08:21:15-03:00
ACE-TRITON14-PT14-51-7979,Acer,,,Predator Triton 14 PT14-51,,,,,unknown,unknown,,,,,,,,,,,,,,,,,,,,,,,,,,,,,,,,,,moved,2026-08-27T08:21:15-03:00,2026-08-27T08:21:15-03:00
DEL-INS-14P-7441-XPLUS,Dell,,,Inspiron 14 Plus 7441,,,,,unknown,unknown,,,,,,,,,,,,,,,,,,,,,,,,,,,,,,,,,,moved,2026-08-27T08:21:15-03:00,2026-08-27T08:21:15-03:00
MSI-TITAN-18HX-A14VIG-I94090,MSI,,,Titan 18 HX,,,,,unknown,unknown,,,,,,,,,,,,,,,,,,,,,,,,,,,,,,,,,,completed,2026-08-28T13:15:00-03:00,2026-08-28T13:15:00-03:00
RZR-BLADE16-2024-I94090,Razer,,,Blade 16,,,,,unknown,unknown,,,,,,,,,,,,,,,,,,,,,,,,,,,,,,,,,,completed,2026-08-28T13:15:00-03:00,2026-08-28T13:15:00-03:00
LEN-TP-X1-2IN1-G9-U7155H,Lenovo,,,ThinkPad X1,,,,,unknown,unknown,,,,,,,,,,,,,,,,,,,,,,,,,,,,,,,,,,completed,2026-08-28T13:15:00-03:00,2026-08-28T13:15:00-03:00
ASU-ROG-GU605MY-U94090,ASUS,,,ROG Zephyrus G16 GU605,,,,,unknown,unknown,,,,,,,,,,,,,,,,,,,,,,,,,,,,,,,,,,moved,2026-08-27T12:21:02-03:00,2026-08-27T12:21:02-03:00
HP-OMNI-14-FD0013DX,HP,,,OmniBook Ultra 14,,,,,unknown,unknown,,,,,,,,,,,,,,,,,,,,,,,,,,,,,,,,,,moved,2026-08-27T12:21:02-03:00,2026-08-27T12:21:02-03:00
ASU-ROG-SCAR18-G834JYR-XS97,ASUS,,,ROG Strix SCAR 18 G834,,,,,unknown,unknown,,,,,,,,,,,,,,,,,,,,,,,,,,,,,,,,,,moved,2026-08-27T13:51:09-03:00,2026-08-27T13:51:09-03:00
CHU-FB-N150-25K,Chuwi,,,FreeBook N150,,,,,unknown,unknown,,,,,,,,,,,,,,,,,,,,,,,,,,,,,,,,,,moved,2026-08-27T14:41:00-03:00,2026-08-27T14:41:00-03:00
INF-INB-Y3M-I31215U,,,,,,,,,unknown,unknown,,,,,,,,,,,,,,,,,,,,,,,,,,,,,,,,,,moved,2026-08-27T17:55:00-03:00,2026-08-27T17:55:00-03:00
DEL-INS-3530-I15-I1300-A30P,Dell,,,Inspiron 15 3530 3530,,,,,unknown,unknown,,,,,,,,,,,,,,,,,,,,,,,,,,,,,,,,,,completed,2026-08-29T19:45:00-03:00,2026-08-29T19:45:00-03:00
DEL-INS-3530-I15-I1300-M50P,Dell,,,Inspiron 15 3530 3530,,,,,unknown,unknown,,,,,,,,,,,,,,,,,,,,,,,,,,,,,,,,,,completed,2026-08-29T19:45:00-03:00,2026-08-29T19:45:00-03:00
DEL-INS-3530-I15-I1300-U30P,Dell,,,Inspiron 15 3530 3530,,,,,unknown,unknown,,,,,,,,,,,,,,,,,,,,,,,,,,,,,,,,,,completed,2026-08-29T19:45:00-03:00,2026-08-29T19:45:00-03:00
DEL-INS-7440-2IN1-I1300-M30,Dell,,,Inspiron 14 7440 2-in-1 7440 2-in-1,,,,,unknown,unknown,,,,,,,,,,,,,,,,,,,,,,,,,,,,,,,,,,completed,2026-08-29T19:45:00-03:00,2026-08-29T19:45:00-03:00
DEL-G15-5530-I1300-A20P,Dell,,,G15 5530 5530,,,,,unknown,unknown,,,,,,,,,,,,,,,,,,,,,,,,,,,,,,,,,,completed,2026-08-29T19:45:00-03:00,2026-08-29T19:45:00-03:00
DEL-G15-5530-I1300-M30P,Dell,,,G15 5530 5530,,,,,unknown,unknown,,,,,,,,,,,,,,,,,,,,,,,,,,,,,,,,,,completed,2026-08-29T19:45:00-03:00,2026-08-29T19:45:00-03:00
DEL-ALW-M16R1-I1300-M10P,Alienware,,,Alienware m16 R1 m16 R1,,,,,unknown,unknown,,,,,,,,,,,,,,,,,,,,,,,,,,,,,,,,,,completed,2026-08-29T19:45:00-03:00,2026-08-29T19:45:00-03:00
DEL-ALW-M16R1-I1300-M21P,Alienware,,,Alienware m16 R1 m16 R1,,,,,unknown,unknown,,,,,,,,,,,,,,,,,,,,,,,,,,,,,,,,,,completed,2026-08-29T19:45:00-03:00,2026-08-29T19:45:00-03:00
DEL-ALW-M15R6-AW15-I1100-A10PH,Alienware,,,Alienware m15 R6 m15 R6,,,,,unknown,unknown,,,,,,,,,,,,,,,,,,,,,,,,,,,,,,,,,,completed,2026-08-29T19:45:00-03:00,2026-08-29T19:45:00-03:00
DEL-LAT-5550-U5125U,Dell,,,Latitude 5550 5550,,,,,unknown,unknown,,,,,,,,,,,,,,,,,,,,,,,,,,,,,,,,,,completed,2026-08-29T19:45:00-03:00,2026-08-29T19:45:00-03:00
DEL-LAT-5450-U5125U,Dell,,,Latitude 5450 5450,,,,,unknown,unknown,,,,,,,,,,,,,,,,,,,,,,,,,,,,,,,,,,completed,2026-08-29T19:45:00-03:00,2026-08-29T19:45:00-03:00
DEL-PRE-3490-U7155H,Dell,,,Precision 3490 3490,,,,,unknown,unknown,,,,,,,,,,,,,,,,,,,,,,,,,,,,,,,,,,completed,2026-08-29T19:45:00-03:00,2026-08-29T19:45:00-03:00
DEL-XPS13P-9320-I71360P,Dell,,,XPS 13 Plus 9320 9320,,,,,unknown,unknown,,,,,,,,,,,,,,,,,,,,,,,,,,,,,,,,,,completed,2026-08-29T19:45:00-03:00,2026-08-29T19:45:00-03:00
LEN-LEG-83EW0002BR,Lenovo,,,Legion 5i 16IRX9 16IRX9,,,,,unknown,unknown,,,,,,,,,,,,,,,,,,,,,,,,,,,,,,,,,,completed,2026-08-29T19:45:00-03:00,2026-08-29T19:45:00-03:00
LEN-LEG-83D60001BR,Lenovo,,,Legion Slim 5i 16IRH8 16IRH8,,,,,unknown,unknown,,,,,,,,,,,,,,,,,,,,,,,,,,,,,,,,,,completed,2026-08-29T19:45:00-03:00,2026-08-29T19:45:00-03:00
LEN-LEG-82TB0000BR,Lenovo,,,Legion 5i 15IAH7 15IAH7,,,,,unknown,unknown,,,,,,,,,,,,,,,,,,,,,,,,,,,,,,,,,,completed,2026-08-29T19:45:00-03:00,2026-08-29T19:45:00-03:00
LEN-LOQ-83KH0006BR,Lenovo,,,LOQ 15IRX9 15IRX9,,,,,unknown,unknown,,,,,,,,,,,,,,,,,,,,,,,,,,,,,,,,,,completed,2026-08-29T19:45:00-03:00,2026-08-29T19:45:00-03:00
LEN-LOQ-83KH000PBR,Lenovo,,,LOQ 15IRX9 15IRX9,,,,,unknown,unknown,,,,,,,,,,,,,,,,,,,,,,,,,,,,,,,,,,completed,2026-08-29T19:45:00-03:00,2026-08-29T19:45:00-03:00
LEN-LOQ-83KHS00300,Lenovo,,,LOQ 15IRX9 15IRX9,,,,,unknown,unknown,,,,,,,,,,,,,,,,,,,,,,,,,,,,,,,,,,completed,2026-08-29T19:45:00-03:00,2026-08-29T19:45:00-03:00
LEN-LOQ-83KHS00600,Lenovo,,,LOQ 15IRX9 15IRX9,,,,,unknown,unknown,,,,,,,,,,,,,,,,,,,,,,,,,,,,,,,,,,completed,2026-08-29T19:45:00-03:00,2026-08-29T19:45:00-03:00
LEN-LOQ-83ME0007BR,Lenovo,,,LOQ Essential 15IAX9E 15IAX9E,,,,,unknown,unknown,,,,,,,,,,,,,,,,,,,,,,,,,,,,,,,,,,completed,2026-08-29T19:45:00-03:00,2026-08-29T19:45:00-03:00
LEN-LOQ-83ME0001BR,Lenovo,,,LOQ Essential 15IAX9E 15IAX9E,,,,,unknown,unknown,,,,,,,,,,,,,,,,,,,,,,,,,,,,,,,,,,completed,2026-08-29T19:45:00-03:00,2026-08-29T19:45:00-03:00
LEN-LOQ-83ME0000BR,Lenovo,,,LOQ Essential 15IAX9E 15IAX9E,,,,,unknown,unknown,,,,,,,,,,,,,,,,,,,,,,,,,,,,,,,,,,completed,2026-08-29T19:45:00-03:00,2026-08-29T19:45:00-03:00
LEN-YOG-83C70001BR,Lenovo,,,Yoga Slim 6i 14IAP8 14IAP8,,,,,unknown,unknown,,,,,,,,,,,,,,,,,,,,,,,,,,,,,,,,,,completed,2026-08-29T19:45:00-03:00,2026-08-29T19:45:00-03:00
LEN-YOG-82LW0003BR,Lenovo,,,Yoga 7i 14ITL5 14ITL5,,,,,unknown,unknown,,,,,,,,,,,,,,,,,,,,,,,,,,,,,,,,,,completed,2026-08-29T19:45:00-03:00,2026-08-29T19:45:00-03:00
LEN-TP-21N20003BR,Lenovo,,,ThinkPad T14s Gen 6 21N2,,,,,unknown,unknown,,,,,,,,,,,,,,,,,,,,,,,,,,,,,,,,,,completed,2026-08-29T19:45:00-03:00,2026-08-29T19:45:00-03:00
LEN-TP-21HR0001BR,Lenovo,,,ThinkPad X1 Yoga Gen 8 21HR,,,,,unknown,unknown,,,,,,,,,,,,,,,,,,,,,,,,,,,,,,,,,,completed,2026-08-29T19:45:00-03:00,2026-08-29T19:45:00-03:00
LEN-TP-21BY001FBR,Lenovo,,,ThinkPad X13s Gen 1 21BY,,,,,unknown,unknown,,,,,,,,,,,,,,,,,,,,,,,,,,,,,,,,,,completed,2026-08-29T19:45:00-03:00,2026-08-29T19:45:00-03:00
LEN-IP-83MMS00300,Lenovo,,,IdeaPad Slim 3 15ABR8 83MM,,,,,unknown,unknown,,,,,,,,,,,,,,,,,,,,,,,,,,,,,,,,,,completed,2026-08-29T19:45:00-03:00,2026-08-29T19:45:00-03:00
LEN-IP-82CG0004BR,Lenovo,,,IdeaPad Gaming 3i 15IMH05 15IMH05,,,,,unknown,unknown,,,,,,,,,,,,,,,,,,,,,,,,,,,,,,,,,,completed,2026-08-29T19:45:00-03:00,2026-08-29T19:45:00-03:00
ASU-ZB13-UX5304VA-NQ047W,ASUS,,,ZenBook S 13 OLED UX5304VA,,,,,unknown,unknown,,,,,,,,,,,,,,,,,,,,,,,,,,,,,,,,,,completed,2026-08-29T19:45:00-03:00,2026-08-29T19:45:00-03:00
ASU-ZB14-UX3405MA-QD344W,ASUS,,,ZenBook 14 OLED UX3405MA,,,,,unknown,unknown,,,,,,,,,,,,,,,,,,,,,,,,,,,,,,,,,,completed,2026-08-29T19:45:00-03:00,2026-08-29T19:45:00-03:00
ASU-TUF-FX507VU-LP151,ASUS,,,TUF Gaming F15 FX507VU,,,,,unknown,unknown,,,,,,,,,,,,,,,,,,,,,,,,,,,,,,,,,,completed,2026-08-29T19:45:00-03:00,2026-08-29T19:45:00-03:00
ASU-VB16-X1605VA-MB763W,ASUS,,,Vivobook 16 X1605VA,,,,,unknown,unknown,,,,,,,,,,,,,,,,,,,,,,,,,,,,,,,,,,completed,2026-08-29T19:45:00-03:00,2026-08-29T19:45:00-03:00
ASU-VB16-X1605VA-MB764W,ASUS,,,Vivobook 16 X1605VA,,,,,unknown,unknown,,,,,,,,,,,,,,,,,,,,,,,,,,,,,,,,,,completed,2026-08-29T19:45:00-03:00,2026-08-29T19:45:00-03:00
ASU-ROG-G614JU-N3380W,ASUS,,,ROG Strix G16 G614JU,,,,,unknown,unknown,,,,,,,,,,,,,,,,,,,,,,,,,,,,,,,,,,completed,2026-08-29T19:45:00-03:00,2026-08-29T19:45:00-03:00
ASU-ROG-G614JIR-N4065W,ASUS,,,ROG Strix G16 G614JIR,,,,,unknown,unknown,,,,,,,,,,,,,,,,,,,,,,,,,,,,,,,,,,completed,2026-08-29T19:45:00-03:00,2026-08-29T19:45:00-03:00
ASU-ROG-GA403UI,ASUS,,,ROG Zephyrus G14 GA403UI,,,,,unknown,unknown,,,,,,,,,,,,,,,,,,,,,,,,,,,,,,,,,,completed,2026-08-29T19:45:00-03:00,2026-08-29T19:45:00-03:00
ACE-NV15-ANV15-51-51UZ,Acer,,,Nitro V 15 ANV15-51,,,,,unknown,unknown,,,,,,,,,,,,,,,,,,,,,,,,,,,,,,,,,,completed,2026-08-29T19:45:00-03:00,2026-08-29T19:45:00-03:00
ACE-NV15-ANV15-51-58QL,Acer,,,Nitro V 15 ANV15-51,,,,,unknown,unknown,,,,,,,,,,,,,,,,,,,,,,,,,,,,,,,,,,completed,2026-08-29T19:45:00-03:00,2026-08-29T19:45:00-03:00
ACE-NV15-ANV15-51-7837,Acer,,,Nitro V 15 ANV15-51,,,,,unknown,unknown,,,,,,,,,,,,,,,,,,,,,,,,,,,,,,,,,,completed,2026-08-29T19:45:00-03:00,2026-08-29T19:45:00-03:00
ACE-PRED-PH16-71-7178,Acer,,,Predator Helios 16 PH16-71,,,,,unknown,unknown,,,,,,,,,,,,,,,,,,,,,,,,,,,,,,,,,,completed,2026-08-29T19:45:00-03:00,2026-08-29T19:45:00-03:00
ACE-PRED-PH16-72-72JA,Acer,,,Predator Helios 16 PH16-72,,,,,unknown,unknown,,,,,,,,,,,,,,,,,,,,,,,,,,,,,,,,,,completed,2026-08-29T19:45:00-03:00,2026-08-29T19:45:00-03:00
ACE-SWIFT-SFG14-71,Acer,,,Swift Go 14 OLED SFG14-71,,,,,unknown,unknown,,,,,,,,,,,,,,,,,,,,,,,,,,,,,,,,,,completed,2026-08-29T19:45:00-03:00,2026-08-29T19:45:00-03:00
ACE-ASP5-A515-58M-54LG,Acer,,,Aspire 5 A515-58M,,,,,unknown,unknown,,,,,,,,,,,,,,,,,,,,,,,,,,,,,,,,,,completed,2026-08-29T19:45:00-03:00,2026-08-29T19:45:00-03:00
SAM-GB4P360-NP960QGK-KG1BR,Samsung,,,Galaxy Book4 Pro 360 NP960QGK,,,,,unknown,unknown,,,,,,,,,,,,,,,,,,,,,,,,,,,,,,,,,,completed,2026-08-29T19:45:00-03:00,2026-08-29T19:45:00-03:00
SAM-GB3U-NP960XFH-XA1BR,Samsung,,,Galaxy Book3 Ultra NP960XFH,,,,,unknown,unknown,,,,,,,,,,,,,,,,,,,,,,,,,,,,,,,,,,completed,2026-08-29T19:45:00-03:00,2026-08-29T19:45:00-03:00
SAM-GB3-360-NP730QFG-KF2BR,Samsung,,,Galaxy Book3 360 NP730QFG,,,,,unknown,unknown,,,,,,,,,,,,,,,,,,,,,,,,,,,,,,,,,,completed,2026-08-29T19:45:00-03:00,2026-08-29T19:45:00-03:00
AVL-STORMGO-MN000052,Avell,,,Storm GO MN000052,,,,,unknown,unknown,,,,,,,,,,,,,,,,,,,,,,,,,,,,,,,,,,completed,2026-08-29T19:45:00-03:00,2026-08-29T19:45:00-03:00
AVL-STORMGO-MN000053,Avell,,,Storm GO MN000053,,,,,unknown,unknown,,,,,,,,,,,,,,,,,,,,,,,,,,,,,,,,,,completed,2026-08-29T19:45:00-03:00,2026-08-29T19:45:00-03:00
AVL-IONA70-MN000056,Avell,,,Ion A70 MN000056,,,,,unknown,unknown,,,,,,,,,,,,,,,,,,,,,,,,,,,,,,,,,,completed,2026-08-29T19:45:00-03:00,2026-08-29T19:45:00-03:00
AVL-BON-BON16H-I7,Avell,,,B.On 16H BON16H,,,,,unknown,unknown,,,,,,,,,,,,,,,,,,,,,,,,,,,,,,,,,,completed,2026-08-29T19:45:00-03:00,2026-08-29T19:45:00-03:00
HP-ELITE840G10-A09FYLA,HP,,,EliteBook 840 G10 840 G10,,,,,unknown,unknown,,,,,,,,,,,,,,,,,,,,,,,,,,,,,,,,,,completed,2026-08-29T19:45:00-03:00,2026-08-29T19:45:00-03:00
HP-DRAGONFLYG4-940B4LA,HP,,,Dragonfly G4 Dragonfly G4,,,,,unknown,unknown,,,,,,,,,,,,,,,,,,,,,,,,,,,,,,,,,,completed,2026-08-29T19:45:00-03:00,2026-08-29T19:45:00-03:00
LG-GRAM16-16Z90R-G.AH78P1,LG,,,Gram 16 16Z90R,,,,,unknown,unknown,,,,,,,,,,,,,,,,,,,,,,,,,,,,,,,,,,completed,2026-08-29T19:45:00-03:00,2026-08-29T19:45:00-03:00
LG-GRAM17-17Z90R-G.AH78P1,LG,,,Gram 17 17Z90R,,,,,unknown,unknown,,,,,,,,,,,,,,,,,,,,,,,,,,,,,,,,,,completed,2026-08-29T19:45:00-03:00,2026-08-29T19:45:00-03:00
LG-GRAM14-14Z90R-G.BH71P1,LG,,,Gram 14 14Z90R,,,,,unknown,unknown,,,,,,,,,,,,,,,,,,,,,,,,,,,,,,,,,,completed,2026-08-29T19:45:00-03:00,2026-08-29T19:45:00-03:00
VAI-FE14-VJFE44F11X-B0111H,VAIO,,,FE14 VJFE44,,,,,unknown,unknown,,,,,,,,,,,,,,,,,,,,,,,,,,,,,,,,,,completed,2026-08-29T19:45:00-03:00,2026-08-29T19:45:00-03:00
VAI-FE14-VJFE49F11X-B0311H,VAIO,,,FE14 VJFE49,,,,,unknown,unknown,,,,,,,,,,,,,,,,,,,,,,,,,,,,,,,,,,completed,2026-08-29T19:45:00-03:00,2026-08-29T19:45:00-03:00
DEL-INS-7640-I7-13620H,Dell,,,Inspiron 16 Plus 7640 7640,,,,,unknown,unknown,,,,,,,,,,,,,,,,,,,,,,,,,,,,,,,,,,completed,2026-08-29T21:40:00-03:00,2026-08-29T21:40:00-03:00
DEL-INS-5640-C7-150U,Dell,,,Inspiron 16 5640 5640,,,,,unknown,unknown,,,,,,,,,,,,,,,,,,,,,,,,,,,,,,,,,,completed,2026-08-29T21:40:00-03:00,2026-08-29T21:40:00-03:00
DEL-INS-5330-I71360P,Dell,,,Inspiron 13 5330 5330,,,,,unknown,unknown,,,,,,,,,,,,,,,,,,,,,,,,,,,,,,,,,,completed,2026-08-29T21:40:00-03:00,2026-08-29T21:40:00-03:00
DEL-VOS-3530-V15M-I7,Dell,,,Vostro 15 3530 3530,,,,,unknown,unknown,,,,,,,,,,,,,,,,,,,,,,,,,,,,,,,,,,completed,2026-08-29T21:40:00-03:00,2026-08-29T21:40:00-03:00
DEL-VOS-5630-V16M-I7,Dell,,,Vostro 16 5630 5630,,,,,unknown,unknown,,,,,,,,,,,,,,,,,,,,,,,,,,,,,,,,,,completed,2026-08-29T21:40:00-03:00,2026-08-29T21:40:00-03:00
DEL-LAT-7450-U7165U,Dell,,,Latitude 7450 7450,,,,,unknown,unknown,,,,,,,,,,,,,,,,,,,,,,,,,,,,,,,,,,completed,2026-08-29T21:40:00-03:00,2026-08-29T21:40:00-03:00
DEL-LAT-9450-2IN1-U7,Dell,,,Latitude 9450 2-in-1 9450 2-in-1,,,,,unknown,unknown,,,,,,,,,,,,,,,,,,,,,,,,,,,,,,,,,,completed,2026-08-29T21:40:00-03:00,2026-08-29T21:40:00-03:00
DEL-LAT-7350-U5135U,Dell,,,Latitude 7350 7350,,,,,unknown,unknown,,,,,,,,,,,,,,,,,,,,,,,,,,,,,,,,,,completed,2026-08-29T21:40:00-03:00,2026-08-29T21:40:00-03:00
DEL-PRE-3591-U7155H-RTX500,Dell,,,Precision 3591 3591,,,,,unknown,unknown,,,,,,,,,,,,,,,,,,,,,,,,,,,,,,,,,,completed,2026-08-29T21:40:00-03:00,2026-08-29T21:40:00-03:00
DEL-PRE-5690-U7165H-RTXA1000,Dell,,,Precision 5690 5690,,,,,unknown,unknown,,,,,,,,,,,,,,,,,,,,,,,,,,,,,,,,,,completed,2026-08-29T21:40:00-03:00,2026-08-29T21:40:00-03:00
DEL-PRE-5490-U7165H-RTX1000,Dell,,,Precision 5490 5490,,,,,unknown,unknown,,,,,,,,,,,,,,,,,,,,,,,,,,,,,,,,,,completed,2026-08-29T21:40:00-03:00,2026-08-29T21:40:00-03:00
DEL-ALW-M18R2-I914900HX-RTX4090,Alienware,,,Alienware m18 R2 m18 R2,,,,,unknown,unknown,,,,,,,,,,,,,,,,,,,,,,,,,,,,,,,,,,completed,2026-08-29T21:40:00-03:00,2026-08-29T21:40:00-03:00
DEL-ALW-X16R2-U9185H-RTX4080,Alienware,,,Alienware x16 R2 x16 R2,,,,,unknown,unknown,,,,,,,,,,,,,,,,,,,,,,,,,,,,,,,,,,completed,2026-08-29T21:40:00-03:00,2026-08-29T21:40:00-03:00
DEL-XPS16-9640-U9185H-RTX4070,Dell,,,XPS 16 9640 9640,,,,,unknown,unknown,,,,,,,,,,,,,,,,,,,,,,,,,,,,,,,,,,completed,2026-08-29T21:40:00-03:00,2026-08-29T21:40:00-03:00
DEL-XPS16-9640-U7155H-RTX4050,Dell,,,XPS 16 9640 9640,,,,,unknown,unknown,,,,,,,,,,,,,,,,,,,,,,,,,,,,,,,,,,completed,2026-08-29T21:40:00-03:00,2026-08-29T21:40:00-03:00
LEN-LEG-83DE0001BR,Lenovo,,,Legion Pro 7i 16IRX9H 16IRX9H,,,,,unknown,unknown,,,,,,,,,,,,,,,,,,,,,,,,,,,,,,,,,,completed,2026-08-29T21:40:00-03:00,2026-08-29T21:40:00-03:00
LEN-LEG-83DF0001BR,Lenovo,,,Legion Pro 5i 16IRX9 16IRX9,,,,,unknown,unknown,,,,,,,,,,,,,,,,,,,,,,,,,,,,,,,,,,completed,2026-08-29T21:40:00-03:00,2026-08-29T21:40:00-03:00
LEN-LEG-83FD0001BR,Lenovo,,,Legion 7i 16IRX9 16IRX9,,,,,unknown,unknown,,,,,,,,,,,,,,,,,,,,,,,,,,,,,,,,,,completed,2026-08-29T21:40:00-03:00,2026-08-29T21:40:00-03:00
LEN-YOG-83E20001BR,Lenovo,,,Yoga Pro 7 14IMH9 14IMH9,,,,,unknown,unknown,,,,,,,,,,,,,,,,,,,,,,,,,,,,,,,,,,completed,2026-08-29T21:40:00-03:00,2026-08-29T21:40:00-03:00
LEN-YOG-83AU0001BR,Lenovo,,,Yoga Pro 7 14ARP8 14ARP8,,,,,unknown,unknown,,,,,,,,,,,,,,,,,,,,,,,,,,,,,,,,,,completed,2026-08-29T21:40:00-03:00,2026-08-29T21:40:00-03:00
LEN-YOG-83BY0001BR,Lenovo,,,Yoga Pro 9i 16IRH8 16IRH8,,,,,unknown,unknown,,,,,,,,,,,,,,,,,,,,,,,,,,,,,,,,,,completed,2026-08-29T21:40:00-03:00,2026-08-29T21:40:00-03:00
LEN-YOG-83DN0001BR,Lenovo,,,Yoga Pro 9i 16IMH9 16IMH9,,,,,unknown,unknown,,,,,,,,,,,,,,,,,,,,,,,,,,,,,,,,,,completed,2026-08-29T21:40:00-03:00,2026-08-29T21:40:00-03:00
LEN-YOG-83AC0001BR,Lenovo,,,Yoga 9i 2-in-1 14IMH9 14IMH9,,,,,unknown,unknown,,,,,,,,,,,,,,,,,,,,,,,,,,,,,,,,,,completed,2026-08-29T21:40:00-03:00,2026-08-29T21:40:00-03:00
LEN-TB-21KG0001BR,Lenovo,,,ThinkBook 14 G6 IRL 21KG,,,,,unknown,unknown,,,,,,,,,,,,,,,,,,,,,,,,,,,,,,,,,,completed,2026-08-29T21:40:00-03:00,2026-08-29T21:40:00-03:00
LEN-TB-21KH0001BR,Lenovo,,,ThinkBook 16 G6 IRL 21KH,,,,,unknown,unknown,,,,,,,,,,,,,,,,,,,,,,,,,,,,,,,,,,completed,2026-08-29T21:40:00-03:00,2026-08-29T21:40:00-03:00
LEN-TB-21JG0001BR,Lenovo,,,ThinkBook 14s Yoga Gen 3 IRU 21JG,,,,,unknown,unknown,,,,,,,,,,,,,,,,,,,,,,,,,,,,,,,,,,completed,2026-08-29T21:40:00-03:00,2026-08-29T21:40:00-03:00
LEN-TP-21HF0001BR,Lenovo,,,ThinkPad P14s Gen 4 21HF,,,,,unknown,unknown,,,,,,,,,,,,,,,,,,,,,,,,,,,,,,,,,,completed,2026-08-29T21:40:00-03:00,2026-08-29T21:40:00-03:00
LEN-TP-21FA0001BR,Lenovo,,,ThinkPad P16 Gen 2 21FA,,,,,unknown,unknown,,,,,,,,,,,,,,,,,,,,,,,,,,,,,,,,,,completed,2026-08-29T21:40:00-03:00,2026-08-29T21:40:00-03:00
LEN-TP-21KV0001BR,Lenovo,,,ThinkPad P1 Gen 7 21KV,,,,,unknown,unknown,,,,,,,,,,,,,,,,,,,,,,,,,,,,,,,,,,completed,2026-08-29T21:40:00-03:00,2026-08-29T21:40:00-03:00
LEN-TP-21JV0001BR,Lenovo,,,ThinkPad Z13 Gen 2 21JV,,,,,unknown,unknown,,,,,,,,,,,,,,,,,,,,,,,,,,,,,,,,,,completed,2026-08-29T21:40:00-03:00,2026-08-29T21:40:00-03:00
ASU-ROG-GU605MZ-QR084W,ASUS,,,ROG Zephyrus G16 GU605MZ,,,,,unknown,unknown,,,,,,,,,,,,,,,,,,,,,,,,,,,,,,,,,,completed,2026-08-29T21:40:00-03:00,2026-08-29T21:40:00-03:00
ASU-ROG-GU605MI-QR064W,ASUS,,,ROG Zephyrus G16 GU605MI,,,,,unknown,unknown,,,,,,,,,,,,,,,,,,,,,,,,,,,,,,,,,,completed,2026-08-29T21:40:00-03:00,2026-08-29T21:40:00-03:00
ASU-ZB-UX8406MA-PZ156W,ASUS,,,ZenBook Duo UX8406MA,,,,,unknown,unknown,,,,,,,,,,,,,,,,,,,,,,,,,,,,,,,,,,completed,2026-08-29T21:40:00-03:00,2026-08-29T21:40:00-03:00
ASU-VB-S5507QA-MA018W,ASUS,,,Vivobook S 15 OLED S5507QA,,,,,unknown,unknown,,,,,,,,,,,,,,,,,,,,,,,,,,,,,,,,,,completed,2026-08-29T21:40:00-03:00,2026-08-29T21:40:00-03:00
ASU-ROG-G634JZ-N4027W,ASUS,,,ROG Strix SCAR 16 G634JZ,,,,,unknown,unknown,,,,,,,,,,,,,,,,,,,,,,,,,,,,,,,,,,completed,2026-08-29T21:40:00-03:00,2026-08-29T21:40:00-03:00
MSI-KAT-A17-9S7-17LN31-1003,MSI,,,Katana A17 AI Katana A17 AI B8VGK,,,,,unknown,unknown,,,,,,,,,,,,,,,,,,,,,,,,,,,,,,,,,,completed,2026-08-29T21:40:00-03:00,2026-08-29T21:40:00-03:00
MSI-KAT-B13VFK-1264US,MSI,,,Katana 15 B13VFK,,,,,unknown,unknown,,,,,,,,,,,,,,,,,,,,,,,,,,,,,,,,,,completed,2026-08-29T21:40:00-03:00,2026-08-29T21:40:00-03:00
MSI-STL-14AI-A1VFG,MSI,,,Stealth 14 AI Studio A1VFG,,,,,unknown,unknown,,,,,,,,,,,,,,,,,,,,,,,,,,,,,,,,,,completed,2026-08-29T21:40:00-03:00,2026-08-29T21:40:00-03:00
MSI-STL-16AI-A1VGG,MSI,,,Stealth 16 AI Studio A1VGG,,,,,unknown,unknown,,,,,,,,,,,,,,,,,,,,,,,,,,,,,,,,,,completed,2026-08-29T21:40:00-03:00,2026-08-29T21:40:00-03:00
MSI-BRV-15-B5DD-243US,MSI,,,Bravo 15 B5DD,,,,,unknown,unknown,,,,,,,,,,,,,,,,,,,,,,,,,,,,,,,,,,completed,2026-08-29T21:40:00-03:00,2026-08-29T21:40:00-03:00
GIG-AORUS-16X-9KG,Gigabyte,,,AORUS 16X 16X 9KG,,,,,unknown,unknown,,,,,,,,,,,,,,,,,,,,,,,,,,,,,,,,,,completed,2026-08-29T21:40:00-03:00,2026-08-29T21:40:00-03:00
GIG-AORUS-15-KD-72BR223SH,Gigabyte,,,AORUS 15 15 KD,,,,,unknown,unknown,,,,,,,,,,,,,,,,,,,,,,,,,,,,,,,,,,completed,2026-08-29T21:40:00-03:00,2026-08-29T21:40:00-03:00
GIG-AERO-16-OLED-BSF,Gigabyte,,,AERO 16 OLED 16 OLED BSF,,,,,unknown,unknown,,,,,,,,,,,,,,,,,,,,,,,,,,,,,,,,,,completed,2026-08-29T21:40:00-03:00,2026-08-29T21:40:00-03:00
GIG-AORUS-15-BSF-73BR754SH,Gigabyte,,,AORUS 15 15 BSF,,,,,unknown,unknown,,,,,,,,,,,,,,,,,,,,,,,,,,,,,,,,,,completed,2026-08-29T21:40:00-03:00,2026-08-29T21:40:00-03:00
GIG-AERO-14-OLED-BMF,Gigabyte,,,AERO 14 OLED 14 OLED BMF,,,,,unknown,unknown,,,,,,,,,,,,,,,,,,,,,,,,,,,,,,,,,,completed,2026-08-29T21:40:00-03:00,2026-08-29T21:40:00-03:00
SAM-GB2-360-NP730QED-KF2BR,Samsung,,,Galaxy Book2 360 NP730QED,,,,,unknown,unknown,,,,,,,,,,,,,,,,,,,,,,,,,,,,,,,,,,completed,2026-08-29T21:40:00-03:00,2026-08-29T21:40:00-03:00
SAM-GB2P-NP930XED-KF1BR,Samsung,,,Galaxy Book2 Pro NP930XED,,,,,unknown,unknown,,,,,,,,,,,,,,,,,,,,,,,,,,,,,,,,,,completed,2026-08-29T21:40:00-03:00,2026-08-29T21:40:00-03:00
APP-MBP14-M3PRO-MRX33BZ/A,Apple,,,MacBook Pro 14 MRX33BZ/A,,,,,unknown,unknown,,,,,,,,,,,,,,,,,,,,,,,,,,,,,,,,,,completed,2026-08-29T21:40:00-03:00,2026-08-29T21:40:00-03:00
APP-MBA15-M3-MRYM3BZ/A,Apple,,,MacBook Air 15 MRYM3BZ/A,,,,,unknown,unknown,,,,,,,,,,,,,,,,,,,,,,,,,,,,,,,,,,completed,2026-08-29T21:40:00-03:00,2026-08-29T21:40:00-03:00
APP-MBA13-M2-MLXW3BZ/A,Apple,,,MacBook Air 13 MLXW3BZ/A,,,,,unknown,unknown,,,,,,,,,,,,,,,,,,,,,,,,,,,,,,,,,,completed,2026-08-29T21:40:00-03:00,2026-08-29T21:40:00-03:00
HP-OMEN16-16-WF0020BR,HP,,,Omen 16 16-wf0020br,,,,,unknown,unknown,,,,,,,,,,,,,,,,,,,,,,,,,,,,,,,,,,completed,2026-08-29T21:40:00-03:00,2026-08-29T21:40:00-03:00
HP-VIC16-16-R0010BR,HP,,,Victus 16 16-r0010br,,,,,unknown,unknown,,,,,,,,,,,,,,,,,,,,,,,,,,,,,,,,,,completed,2026-08-29T21:40:00-03:00,2026-08-29T21:40:00-03:00
HP-ENVY14-14-ES0010BR,HP,,,Envy x360 14 14-es0010br,,,,,unknown,unknown,,,,,,,,,,,,,,,,,,,,,,,,,,,,,,,,,,completed,2026-08-29T21:40:00-03:00,2026-08-29T21:40:00-03:00
AVL-STORM-X-MN000054,Avell,,,Storm X MN000054,,,,,unknown,unknown,,,,,,,,,,,,,,,,,,,,,,,,,,,,,,,,,,completed,2026-08-29T21:40:00-03:00,2026-08-29T21:40:00-03:00
AVL-STORM-X-MN000055,Avell,,,Storm X MN000055,,,,,unknown,unknown,,,,,,,,,,,,,,,,,,,,,,,,,,,,,,,,,,completed,2026-08-29T21:40:00-03:00,2026-08-29T21:40:00-03:00
AVL-STORM-BS-MN000063,Avell,,,Storm BS MN000063,,,,,unknown,unknown,,,,,,,,,,,,,,,,,,,,,,,,,,,,,,,,,,completed,2026-08-29T21:40:00-03:00,2026-08-29T21:40:00-03:00